,Date,FIIcall,FIIput,FIIFuture,FIIFutOI,FIICash,DIIcash
1727,13 Aug 2018,-2.9,1.0,-722.0,28024.0,-972.0,216.0
1726,14 Aug 2018,3.4,7.7,-711.0,28727.0,-379.0,391.0
1725,16 Aug 2018,-8.9,11.6,-433.0,28720.0,-825.0,134.0
1724,17 Aug 2018,15.6,4.0,-695.0,30356.0,147.0,152.0
1723,20 Aug 2018,1.9,-5.6,-118.0,31185.0,-483.0,593.0
1722,21 Aug 2018,0.4,2.9,-368.0,31622.0,254.0,198.0
1721,23 Aug 2018,-16.9,13.0,358.0,32513.0,433.0,142.0
1720,24 Aug 2018,-3.3,2.9,-47.0,32684.0,-76.0,905.0
1719,27 Aug 2018,5.2,-11.7,657.0,33805.0,253.0,1117.0
1718,28 Aug 2018,-0.3,-5.3,284.0,32805.0,-161.0,-199.0
1717,29 Aug 2018,-5.2,-2.7,-996.0,33419.0,-1416.0,1114.0
1716,30 Aug 2018,-43.6,-6.3,896.0,17647.0,-1416.0,1114.0
1715,31 Aug 2018,4.6,11.8,-1110.0,19081.0,-213.0,172.0
1714,03 Sep 2018,3.8,13.1,-394.0,19352.0,-21.0,-542.0
1713,04 Sep 2018,-21.6,20.9,-336.0,20163.0,33.0,-21.0
1712,05 Sep 2018,7.7,41.5,-2328.0,23116.0,-384.0,177.0
1711,06 Sep 2018,9.9,12.0,-1155.0,24112.0,-455.0,612.0
1710,07 Sep 2018,8.0,-5.1,-362.0,24655.0,38.0,942.0
1709,10 Sep 2018,-20.1,39.3,-631.0,25778.0,-842.0,-290.0
1708,11 Sep 2018,-0.6,8.1,-1676.0,25948.0,-1454.0,750.0
1707,12 Sep 2018,10.3,1.1,-391.0,25516.0,-1086.0,541.0
1706,14 Sep 2018,19.0,-5.2,458.0,24747.0,1091.0,115.0
1705,17 Sep 2018,-8.9,-4.7,-617.0,24871.0,-107.0,-180.0
1704,18 Sep 2018,-7.7,23.7,965.0,26088.0,-1144.0,265.0
1703,19 Sep 2018,11.2,1.3,355.0,27204.0,-2185.0,1201.0
1702,21 Sep 2018,-34.8,-12.0,1564.0,27670.0,761.0,497.0
1701,24 Sep 2018,-16.9,23.2,522.0,26752.0,-524.0,1528.0
1700,25 Sep 2018,-5.9,16.1,-793.0,27308.0,-1232.0,2284.0
1699,26 Sep 2018,-1.2,18.3,279.0,27609.0,-810.0,1555.0
1698,27 Sep 2018,45.2,-136.2,-1536.0,16814.0,552.0,-187.0
1697,28 Sep 2018,-20.9,19.6,702.0,17644.0,-1700.0,3256.0
1696,01 Oct 2018,19.8,-2.4,9.0,18174.0,-1842.0,1805.0
1695,03 Oct 2018,-10.3,-6.1,-700.0,18495.0,-1550.0,1402.0
1694,04 Oct 2018,-35.6,40.5,-3157.0,20392.0,-2761.0,1824.0
1693,05 Oct 2018,-12.8,29.9,-1610.0,21525.0,-3370.0,1902.0
1692,08 Oct 2018,-1.5,-15.6,918.0,22055.0,-1805.0,1974.0
1691,09 Oct 2018,0.8,-17.6,80.0,20776.0,-1242.0,1526.0
1690,10 Oct 2018,10.1,2.8,-1487.0,22882.0,-1096.0,1893.0
1689,11 Oct 2018,-11.8,4.8,-1143.0,22004.0,-2869.0,1888.0
1688,12 Oct 2018,28.3,-9.8,529.0,22236.0,-1322.0,1287.0
1687,15 Oct 2018,15.0,4.7,-1208.0,22138.0,68.0,295.0
1686,16 Oct 2018,4.9,11.9,186.0,22359.0,-1166.0,1059.0
1685,17 Oct 2018,-6.2,9.2,1077.0,21633.0,140.0,-343.0
1684,19 Oct 2018,-20.7,-5.1,-438.0,22255.0,-618.0,-2.0
1683,22 Oct 2018,4.2,6.7,525.0,21528.0,-512.0,303.0
1682,23 Oct 2018,-7.3,13.0,-577.0,24851.0,-340.0,116.0
1681,24 Oct 2018,6.0,7.5,613.0,28497.0,-2047.0,1874.0
1680,25 Oct 2018,39.2,-106.1,-2605.0,23086.0,-1496.0,340.0
1679,26 Oct 2018,-14.3,70.9,-147.0,22901.0,-1357.0,1876.0
1678,29 Oct 2018,31.5,3.8,279.0,24623.0,-2231.0,2527.0
1677,30 Oct 2018,-5.5,12.6,201.0,24137.0,-1592.0,1363.0
1676,31 Oct 2018,21.1,-23.9,737.0,27079.0,-194.0,1125.0
1675,01 Nov 2018,-1.5,-12.7,-263.0,27103.0,349.0,-509.0
1674,02 Nov 2018,34.4,-3.4,1381.0,29017.0,-197.0,853.0
1673,05 Nov 2018,8.3,26.2,-481.0,29531.0,12.0,-622.0
1672,06 Nov 2018,12.4,10.6,440.0,29091.0,-500.0,119.0
1671,09 Nov 2018,12.7,-21.5,647.0,30245.0,614.0,-337.0
1670,12 Nov 2018,-9.1,12.5,-169.0,30822.0,832.0,-1074.0
1669,13 Nov 2018,5.4,5.9,-111.0,31077.0,-495.0,336.0
1668,14 Nov 2018,3.0,8.2,92.0,31351.0,277.0,-272.0
1667,15 Nov 2018,3.0,-10.8,419.0,32430.0,2043.0,-165.0
1666,16 Nov 2018,-7.6,3.3,163.0,33756.0,845.0,-372.0
1665,19 Nov 2018,-7.1,-22.0,861.0,34947.0,1103.0,-310.0
1664,20 Nov 2018,-7.7,-0.1,171.0,34458.0,-753.0,-44.0
1663,21 Nov 2018,9.0,29.5,-705.0,34619.0,-1652.0,607.0
1662,22 Nov 2018,-15.3,11.1,1601.0,32937.0,446.0,50.0
1661,26 Nov 2018,23.8,2.3,-168.0,35146.0,63.0,352.0
1660,27 Nov 2018,-5.2,-5.0,-705.0,34374.0,812.0,31.0
1659,28 Nov 2018,-15.0,13.7,1067.0,34108.0,961.0,-330.0
1658,29 Nov 2018,-55.7,-102.2,3303.0,21176.0,823.0,973.0
1657,30 Nov 2018,-1.7,32.6,172.0,21351.0,-333.0,1490.0
1656,03 Dec 2018,-5.3,-13.5,401.0,22408.0,293.0,-806.0
1655,04 Dec 2018,9.8,4.6,37.0,23380.0,-56.0,-521.0
1654,05 Dec 2018,6.3,-22.4,-1165.0,25078.0,-358.0,-792.0
1653,06 Dec 2018,-2.6,15.6,-1722.0,26317.0,72.0,-390.0
1652,07 Dec 2018,2.9,-7.2,617.0,27184.0,-817.0,243.0
1651,10 Dec 2018,-0.7,1.2,-1012.0,25767.0,116.0,-146.0
1650,11 Dec 2018,9.2,-8.0,-636.0,25850.0,-2421.0,2256.0
1649,12 Dec 2018,5.3,10.1,-489.0,26441.0,-1299.0,1121.0
1648,13 Dec 2018,-12.3,34.8,2396.0,26967.0,675.0,-52.0
1647,14 Dec 2018,-0.3,12.5,249.0,27269.0,862.0,-303.0
1646,17 Dec 2018,2.7,-3.0,-319.0,28116.0,-61.0,-77.0
1645,18 Dec 2018,5.1,6.1,-951.0,29377.0,145.0,-183.0
1644,19 Dec 2018,-2.6,-1.5,502.0,30753.0,1209.0,-481.0
1643,20 Dec 2018,4.4,-0.4,300.0,31084.0,-386.0,88.0
1642,21 Dec 2018,-3.4,26.0,-316.0,31137.0,134.0,-489.0
1641,24 Dec 2018,4.2,20.7,205.0,30276.0,-577.0,186.0
1640,26 Dec 2018,-7.7,4.8,-755.0,34263.0,80.0,-138.0
1639,27 Dec 2018,-42.2,-101.1,1041.0,23057.0,1732.0,-663.0
1638,28 Dec 2018,14.8,22.4,632.0,23721.0,-120.0,1199.0
1637,31 Dec 2018,4.4,19.8,550.0,25009.0,-327.0,322.0
1636,01 Jan 2019,3.7,3.1,-476.0,24965.0,-48.0,143.0
1635,02 Jan 2019,0.7,1.0,-817.0,26870.0,-621.0,-226.0
1634,03 Jan 2019,-0.2,13.2,-477.0,28119.0,-973.0,35.0
1633,04 Jan 2019,-4.2,-3.5,-351.0,29037.0,-158.0,241.0
1632,07 Jan 2019,4.5,3.8,408.0,29756.0,-158.0,241.0
1631,08 Jan 2019,2.6,-6.9,-418.0,30773.0,-554.0,698.0
1630,09 Jan 2019,8.1,16.4,460.0,31477.0,276.0,440.0
1629,10 Jan 2019,0.2,-3.2,426.0,31987.0,-345.0,11.0
1628,11 Jan 2019,1.6,5.0,-540.0,32129.0,-687.0,123.0
1627,14 Jan 2019,-0.8,3.3,-990.0,33043.0,-732.0,527.0
1626,15 Jan 2019,4.5,-0.7,1153.0,35428.0,160.0,417.0
1625,16 Jan 2019,4.3,0.8,-818.0,37657.0,-90.0,304.0
1624,17 Jan 2019,-4.4,-16.5,-599.0,38152.0,842.0,-727.0
1623,18 Jan 2019,0.1,-12.1,-398.0,38410.0,-125.0,-1.0
1622,21 Jan 2019,13.6,-6.6,485.0,38728.0,-300.0,521.0
1621,22 Jan 2019,0.4,32.0,-460.0,38319.0,-79.0,-84.0
1620,23 Jan 2019,-11.8,0.5,-315.0,37495.0,-776.0,584.0
1619,24 Jan 2019,-7.0,-12.1,-511.0,37690.0,-94.0,390.0
1618,25 Jan 2019,-0.8,5.7,1208.0,37664.0,689.0,-147.0
1617,28 Jan 2019,-30.1,16.6,417.0,37160.0,223.0,92.0
1616,29 Jan 2019,3.6,0.0,-466.0,38891.0,-354.0,81.0
1615,30 Jan 2019,-4.2,7.1,-1667.0,40519.0,130.0,502.0
1614,31 Jan 2019,20.0,-112.6,2765.0,20879.0,3006.0,-1634.0
1613,01 Feb 2019,3.3,-0.3,1711.0,22688.0,1316.0,-5.0
1612,04 Feb 2019,-0.7,17.3,-185.0,23312.0,-112.0,-65.0
1611,05 Feb 2019,5.4,-5.1,795.0,24310.0,421.0,194.0
1610,06 Feb 2019,7.8,-1.5,2818.0,27451.0,695.0,525.0
1609,07 Feb 2019,12.3,-11.0,999.0,27706.0,418.0,294.0
1608,08 Feb 2019,20.3,9.6,-224.0,28133.0,844.0,-960.0
1607,11 Feb 2019,3.0,17.8,275.0,29192.0,-125.0,-233.0
1606,12 Feb 2019,-8.6,18.2,401.0,29407.0,-467.0,-123.0
1605,13 Feb 2019,-5.8,-2.5,397.0,30431.0,-677.0,713.0
1604,14 Feb 2019,-11.7,19.7,-3601.0,29594.0,-250.0,1225.0
1603,15 Feb 2019,-11.1,4.6,-1055.0,30397.0,-966.0,853.0
1602,18 Feb 2019,-7.4,2.1,-434.0,30729.0,-1240.0,2337.0
1601,19 Feb 2019,-2.0,-1.8,774.0,30577.0,-814.0,1164.0
1600,20 Feb 2019,24.9,6.8,746.0,31290.0,713.0,113.0
1599,21 Feb 2019,-2.4,-15.4,-472.0,30866.0,55.0,202.0
1598,22 Feb 2019,-7.7,11.7,76.0,30720.0,6311.0,839.0
1597,25 Feb 2019,18.6,-18.5,297.0,31213.0,2134.0,-1746.0
1596,26 Feb 2019,-2.7,-6.9,-698.0,31119.0,1674.0,-720.0
1595,27 Feb 2019,3.0,6.7,456.0,32023.0,423.0,67.0
1594,28 Feb 2019,-71.3,-58.6,1215.0,15567.0,3211.0,-5241.0
1593,01 Mar 2019,12.1,15.0,170.0,15336.0,198.0,117.0
1592,05 Mar 2019,15.3,-7.0,144.0,15944.0,752.0,581.0
1591,06 Mar 2019,19.5,-13.8,377.0,15821.0,1131.0,-878.0
1590,07 Mar 2019,12.7,-14.1,533.0,15862.0,1138.0,-925.0
1589,08 Mar 2019,15.4,-1.2,-251.0,16756.0,1095.0,-471.0
1588,11 Mar 2019,14.5,-9.2,-13.0,18033.0,3811.0,-1956.0
1587,12 Mar 2019,23.7,-33.8,1975.0,21404.0,2478.0,-990.0
1586,13 Mar 2019,2.9,-16.8,1822.0,22745.0,2722.0,-1508.0
1585,14 Mar 2019,-8.7,-6.6,485.0,22966.0,1483.0,-818.0
1584,15 Mar 2019,4.4,-25.0,2362.0,26460.0,4323.0,-2130.0
1583,18 Mar 2019,-13.3,19.5,828.0,26741.0,1823.0,-1269.0
1582,19 Mar 2019,0.9,8.2,288.0,28018.0,2132.0,-1254.0
1581,20 Mar 2019,1.8,30.5,51.0,27033.0,1772.0,-1323.0
1580,22 Mar 2019,-11.0,21.4,550.0,26522.0,1375.0,-675.0
1579,25 Mar 2019,27.9,20.6,-153.0,25925.0,150.0,-13.0
1578,26 Mar 2019,5.4,-11.0,-1883.0,28756.0,999.0,-197.0
1577,27 Mar 2019,-26.7,-3.0,1509.0,29684.0,1481.0,135.0
1576,28 Mar 2019,-64.8,-40.9,1815.0,17751.0,3595.0,-2080.0
1575,29 Mar 2019,-2.7,10.0,-667.0,17173.0,-86.0,1724.0
1574,01 Apr 2019,5.4,12.6,505.0,18195.0,899.0,-1033.0
1573,02 Apr 2019,8.7,-9.8,-75.0,18500.0,543.0,-438.0
1572,03 Apr 2019,-2.3,13.0,92.0,17714.0,-1040.0,-81.0
1571,04 Apr 2019,14.4,-9.0,73.0,17645.0,-226.0,1206.0
1570,05 Apr 2019,-0.6,-0.4,632.0,18452.0,798.0,-326.0
1569,08 Apr 2019,-1.0,18.8,-865.0,18194.0,330.0,-624.0
1568,09 Apr 2019,16.1,-10.2,-212.0,19178.0,1212.0,-689.0
1567,10 Apr 2019,1.5,3.1,-1170.0,18691.0,1430.0,461.0
1566,11 Apr 2019,-3.5,6.4,28.0,18063.0,477.0,-17.0
1565,12 Apr 2019,5.6,8.6,-436.0,18252.0,897.0,-16.0
1564,15 Apr 2019,17.9,2.4,-222.0,19260.0,713.0,581.0
1563,16 Apr 2019,13.5,5.5,741.0,20463.0,1039.0,37.0
1562,18 Apr 2019,-34.3,8.1,1207.0,21957.0,1038.0,-338.0
1561,22 Apr 2019,13.3,36.1,294.0,21077.0,73.0,-68.0
1560,23 Apr 2019,-4.6,10.3,1794.0,21758.0,-237.0,198.0
1559,24 Apr 2019,-0.3,-4.3,441.0,23799.0,975.0,-657.0
1558,25 Apr 2019,-82.2,-35.8,152.0,20337.0,3786.0,-4070.0
1557,26 Apr 2019,16.5,6.5,304.0,21775.0,-71.0,921.0
1556,30 Apr 2019,-0.9,19.8,-1479.0,22316.0,115.0,730.0
1555,02 May 2019,-6.3,-5.5,-516.0,21327.0,598.0,-792.0
1554,03 May 2019,17.9,-9.9,153.0,21421.0,-401.0,57.0
1553,06 May 2019,5.1,12.5,-913.0,22050.0,-949.0,90.0
1552,07 May 2019,-16.6,14.8,-464.0,21617.0,-645.0,819.0
1551,08 May 2019,-19.1,10.5,-1129.0,21680.0,-702.0,233.0
1550,09 May 2019,6.3,-22.3,-2068.0,19968.0,-655.0,678.0
1549,10 May 2019,-15.9,18.8,-1296.0,18847.0,-1245.0,1057.0
1548,13 May 2019,-3.4,-2.7,-138.0,19041.0,-1056.0,1058.0
1547,14 May 2019,-12.6,-7.8,-702.0,18089.0,-2012.0,2243.0
1546,15 May 2019,-13.8,-6.1,276.0,17334.0,-1142.0,672.0
1545,16 May 2019,-10.1,-51.9,-820.0,16885.0,-953.0,948.0
1544,17 May 2019,1.4,-9.1,311.0,18154.0,-1058.0,1810.0
1543,20 May 2019,3.9,16.3,1071.0,20838.0,1734.0,-543.0
1542,21 May 2019,-26.2,36.7,-86.0,20930.0,1185.0,-1090.0
1541,22 May 2019,-17.0,-11.6,136.0,23360.0,-965.0,-158.0
1540,23 May 2019,35.7,22.8,-1414.0,22992.0,1352.0,-594.0
1539,24 May 2019,28.1,9.6,-9.0,26131.0,2026.0,-195.0
1538,27 May 2019,17.8,0.1,-587.0,27699.0,1215.0,-328.0
1537,28 May 2019,-8.2,-1.2,-947.0,29838.0,-501.0,269.0
1536,29 May 2019,11.7,17.7,-734.0,34024.0,-304.0,-190.0
1535,30 May 2019,-6.2,-65.0,2221.0,18222.0,1665.0,-1123.0
1534,31 May 2019,9.3,23.4,-405.0,18431.0,676.0,394.0
1533,03 Jun 2019,21.2,-7.2,2296.0,20180.0,3069.0,-463.0
1532,04 Jun 2019,0.0,21.1,-1153.0,20161.0,-416.0,-355.0
1531,06 Jun 2019,6.8,9.8,-1473.0,21167.0,-1449.0,-651.0
1530,07 Jun 2019,7.5,-1.0,-287.0,20805.0,-479.0,180.0
1529,10 Jun 2019,0.8,2.8,-76.0,20238.0,216.0,171.0
1528,11 Jun 2019,17.3,-4.1,950.0,20387.0,96.0,-151.0
1527,12 Jun 2019,-10.0,23.3,-173.0,19742.0,-1050.0,271.0
1526,13 Jun 2019,-16.7,6.3,-278.0,20238.0,172.0,-445.0
1525,14 Jun 2019,1.2,12.4,366.0,20533.0,-239.0,376.0
1524,17 Jun 2019,5.4,27.5,58.0,20919.0,-239.0,376.0
1523,18 Jun 2019,-3.2,12.5,119.0,21333.0,32.0,181.0
1522,19 Jun 2019,7.3,2.2,354.0,21347.0,-97.0,-105.0
1521,20 Jun 2019,3.6,-30.9,-237.0,23523.0,-438.0,1241.0
1520,21 Jun 2019,4.6,3.1,-160.0,23525.0,-731.0,446.0
1519,24 Jun 2019,0.8,-2.0,317.0,24305.0,207.0,984.0
1518,25 Jun 2019,4.7,-4.2,-1103.0,24665.0,1158.0,377.0
1517,26 Jun 2019,-0.5,-5.4,-839.0,24911.0,106.0,-51.0
1516,27 Jun 2019,-38.6,-112.6,2671.0,15300.0,-1.0,197.0
1515,28 Jun 2019,-12.9,15.6,-436.0,15518.0,-514.0,182.0
1514,01 Jul 2019,2.3,9.0,447.0,15774.0,427.0,-51.0
1513,02 Jul 2019,4.6,3.1,-125.0,16273.0,-512.0,141.0
1512,03 Jul 2019,-1.1,-1.7,7.0,16303.0,-390.0,288.0
1511,04 Jul 2019,7.5,-33.4,-4.0,17051.0,-29.0,59.0
1510,05 Jul 2019,-3.2,3.6,-673.0,17476.0,-89.0,276.0
1509,08 Jul 2019,9.0,33.1,-2902.0,17891.0,-402.0,321.0
1508,09 Jul 2019,-3.4,15.7,-1469.0,20341.0,-674.0,711.0
1507,10 Jul 2019,-7.9,14.2,141.0,20480.0,-605.0,667.0
1506,11 Jul 2019,13.3,0.9,572.0,19954.0,-317.0,720.0
1505,12 Jul 2019,12.0,0.4,171.0,20068.0,-850.0,940.0
1504,15 Jul 2019,6.8,2.6,263.0,19929.0,-216.0,592.0
1503,16 Jul 2019,2.4,3.1,-53.0,21282.0,-445.0,638.0
1502,17 Jul 2019,24.9,5.6,-385.0,21276.0,-17.0,209.0
1501,18 Jul 2019,-37.9,1.5,1368.0,21201.0,-1405.0,329.0
1500,19 Jul 2019,-24.8,11.9,-1059.0,20488.0,-950.0,734.0
1499,22 Jul 2019,4.7,1.9,-1086.0,18709.0,-1917.0,1830.0
1498,23 Jul 2019,-9.5,-1.3,-599.0,21719.0,-2608.0,2625.0
1497,24 Jul 2019,2.1,-27.2,-1263.0,22721.0,-1394.0,2140.0
1496,25 Jul 2019,1.1,-60.2,-1178.0,14750.0,-127.0,399.0
1495,26 Jul 2019,12.0,0.8,-1049.0,15257.0,-1503.0,1918.0
1494,30 Jul 2019,-3.3,13.4,939.0,14720.0,-645.0,1080.0
1493,31 Jul 2019,2.7,17.6,-1145.0,14781.0,-1497.0,2479.0
1492,01 Aug 2019,-0.5,-5.8,-2049.0,16062.0,-1057.0,561.0
1491,02 Aug 2019,-9.1,3.8,-1015.0,17152.0,-2888.0,2813.0
1490,05 Aug 2019,5.6,1.9,-1156.0,19390.0,-2017.0,1871.0
1489,06 Aug 2019,6.5,3.5,-541.0,19903.0,-2108.0,2289.0
1488,07 Aug 2019,10.8,5.5,-981.0,20509.0,-384.0,532.0
1487,08 Aug 2019,5.2,-3.6,270.0,20977.0,-437.0,291.0
1486,09 Aug 2019,17.2,-4.4,-271.0,21550.0,204.0,607.0
1485,13 Aug 2019,-3.4,18.0,-153.0,21225.0,-638.0,202.0
1484,14 Aug 2019,-12.3,0.9,914.0,22409.0,1615.0,1620.0
1483,16 Aug 2019,6.9,0.5,-294.0,23170.0,-1339.0,1058.0
1482,19 Aug 2019,-11.7,-0.3,-72.0,22795.0,-306.0,386.0
1481,20 Aug 2019,-7.0,9.5,504.0,23027.0,373.0,296.0
1480,21 Aug 2019,-22.6,8.5,-137.0,23644.0,-771.0,354.0
1479,22 Aug 2019,4.1,19.0,-244.0,23714.0,-903.0,1719.0
1478,23 Aug 2019,-23.2,-9.7,428.0,23218.0,-1737.0,1548.0
1477,26 Aug 2019,46.3,-16.8,622.0,23503.0,-753.0,1272.0
1476,27 Aug 2019,-5.6,-4.5,655.0,25007.0,-924.0,1163.0
1475,28 Aug 2019,-6.4,22.1,-1420.0,28028.0,-935.0,359.0
1474,29 Aug 2019,-28.9,18.0,-1092.0,29339.0,-987.0,489.0
1473,30 Aug 2019,-32.8,-34.4,864.0,13258.0,1163.0,1502.0
1472,03 Sep 2019,-2.9,21.1,214.0,13305.0,-2016.0,1251.0
1471,04 Sep 2019,10.3,-25.6,1039.0,11330.0,-1738.0,1305.0
1470,05 Sep 2019,0.1,-15.5,-955.0,11790.0,-561.0,699.0
1469,06 Sep 2019,9.1,13.3,309.0,12463.0,-957.0,1207.0
1468,09 Sep 2019,29.0,0.9,221.0,12639.0,-188.0,686.0
1467,11 Sep 2019,1.1,10.5,41.0,13939.0,267.0,1132.0
1466,12 Sep 2019,-23.4,3.2,-1006.0,15533.0,784.0,-127.0
1465,13 Sep 2019,12.0,4.0,300.0,16720.0,-405.0,210.0
1464,16 Sep 2019,-11.0,23.5,-1633.0,17803.0,-751.0,309.0
1463,17 Sep 2019,-36.6,27.8,592.0,18458.0,-808.0,86.0
1462,18 Sep 2019,-19.5,-5.5,542.0,19281.0,-959.0,780.0
1461,19 Sep 2019,-10.6,-7.8,-1700.0,18717.0,-893.0,646.0
1460,20 Sep 2019,23.2,-33.1,5079.0,23336.0,36.0,3001.0
1459,23 Sep 2019,15.4,22.0,1693.0,24449.0,2684.0,292.0
1458,24 Sep 2019,-12.7,11.0,886.0,24330.0,-828.0,473.0
1457,25 Sep 2019,8.9,9.8,-166.0,21183.0,-342.0,-762.0
1456,26 Sep 2019,6.6,-103.5,1080.0,12895.0,737.0,339.0
1455,27 Sep 2019,-18.7,26.4,-260.0,12342.0,-214.0,459.0
1454,30 Sep 2019,5.2,7.9,701.0,11908.0,-469.0,505.0
1453,01 Oct 2019,6.7,7.2,164.0,13059.0,-1299.0,1503.0
1452,03 Oct 2019,13.8,-14.9,-1063.0,13320.0,-811.0,863.0
1451,04 Oct 2019,-13.4,25.8,-725.0,13160.0,-683.0,606.0
1450,07 Oct 2019,15.7,-5.3,611.0,12858.0,-494.0,905.0
1449,09 Oct 2019,11.4,-10.0,-167.0,12167.0,-485.0,956.0
1448,10 Oct 2019,-3.5,1.9,-685.0,13245.0,-263.0,503.0
1447,11 Oct 2019,-0.9,-14.4,661.0,13050.0,750.0,-703.0
1446,14 Oct 2019,1.5,4.2,975.0,12835.0,896.0,-425.0
1445,15 Oct 2019,10.4,-9.2,744.0,12704.0,436.0,929.0
1444,16 Oct 2019,-1.8,-10.3,408.0,12324.0,686.0,1577.0
1443,17 Oct 2019,-8.8,4.4,794.0,12216.0,1159.0,-512.0
1442,18 Oct 2019,10.0,-17.3,-560.0,11897.0,37.0,587.0
1441,22 Oct 2019,-9.6,11.7,1328.0,13273.0,-558.0,-985.0
1440,23 Oct 2019,-7.0,15.0,-346.0,13432.0,-213.0,-137.0
1439,24 Oct 2019,-21.4,-6.0,-327.0,14129.0,-73.0,-739.0
1438,25 Oct 2019,9.4,10.2,-996.0,14494.0,-73.0,-739.0
1437,29 Oct 2019,34.9,-4.6,1243.0,15871.0,877.0,145.0
1436,30 Oct 2019,18.6,2.3,-997.0,16546.0,7192.0,-186.0
1435,31 Oct 2019,2.5,-24.9,-344.0,13512.0,1871.0,-651.0
1434,01 Nov 2019,26.3,-10.2,428.0,13753.0,533.0,-137.0
1433,04 Nov 2019,4.1,7.6,199.0,14052.0,-139.0,-500.0
1432,05 Nov 2019,-3.9,-0.9,-114.0,14475.0,473.0,-1594.0
1431,06 Nov 2019,8.9,0.9,296.0,15422.0,1011.0,-1117.0
1430,07 Nov 2019,-20.5,-22.8,328.0,16351.0,927.0,-636.0
1429,08 Nov 2019,7.2,11.3,-250.0,16111.0,932.0,-584.0
1428,11 Nov 2019,9.6,4.7,-491.0,16261.0,664.0,-245.0
1427,13 Nov 2019,-11.4,15.6,-172.0,16637.0,585.0,-890.0
1426,14 Nov 2019,-0.0,-9.1,-442.0,17006.0,-562.0,83.0
1425,15 Nov 2019,11.9,-1.2,-656.0,17559.0,-1008.0,538.0
1424,18 Nov 2019,1.5,3.2,-299.0,17812.0,-271.0,309.0
1423,19 Nov 2019,5.5,7.5,-63.0,18435.0,-915.0,262.0
1422,20 Nov 2019,4.4,-3.4,-818.0,18517.0,567.0,183.0
1421,21 Nov 2019,-23.5,11.0,-162.0,18558.0,5024.0,-248.0
1420,22 Nov 2019,-5.1,14.3,-833.0,17773.0,306.0,-177.0
1419,25 Nov 2019,23.9,-16.9,1953.0,18058.0,961.0,-214.0
1418,26 Nov 2019,-2.1,5.1,3934.0,20460.0,4678.0,-4242.0
1417,27 Nov 2019,3.6,-3.3,-371.0,20747.0,43.0,440.0
1416,28 Nov 2019,-52.9,-6.7,-759.0,12730.0,1009.0,-155.0
1415,29 Nov 2019,-4.4,22.9,-2002.0,12376.0,-1892.0,954.0
1414,02 Dec 2019,-2.0,-3.2,-307.0,12561.0,-1731.0,754.0
1413,03 Dec 2019,-3.0,4.9,-368.0,12766.0,-1131.0,964.0
1412,04 Dec 2019,5.4,-12.4,-736.0,13115.0,-781.0,904.0
1411,05 Dec 2019,-8.4,-12.7,-665.0,12803.0,653.0,-410.0
1410,06 Dec 2019,-2.4,33.7,240.0,13155.0,-868.0,211.0
1409,09 Dec 2019,9.8,-1.1,15.0,13126.0,459.0,75.0
1408,10 Dec 2019,-5.6,8.9,-142.0,13507.0,-367.0,338.0
1407,11 Dec 2019,0.8,-3.3,-20.0,13864.0,605.0,240.0
1406,12 Dec 2019,23.6,-14.9,720.0,14098.0,-684.0,810.0
1405,13 Dec 2019,-3.2,4.9,1044.0,13874.0,116.0,385.0
1404,16 Dec 2019,-10.0,13.2,-597.0,13323.0,728.0,-796.0
1403,17 Dec 2019,8.8,-16.4,-44.0,15128.0,1248.0,-908.0
1402,18 Dec 2019,4.6,-14.8,667.0,15190.0,1837.0,-1268.0
1401,19 Dec 2019,5.0,15.9,819.0,16153.0,739.0,-494.0
1400,20 Dec 2019,15.5,-3.3,708.0,16329.0,339.0,-285.0
1399,23 Dec 2019,-2.7,16.1,612.0,16972.0,1463.0,-1947.0
1398,24 Dec 2019,-5.8,20.3,-469.0,16877.0,-114.0,-345.0
1397,26 Dec 2019,-24.1,-86.1,-1083.0,10576.0,-504.0,120.0
1396,27 Dec 2019,25.3,-6.6,74.0,10931.0,81.0,126.0
1395,30 Dec 2019,-1.3,11.6,-337.0,10550.0,-131.0,201.0
1394,31 Dec 2019,-11.6,19.9,-692.0,10307.0,-1265.0,585.0
1393,01 Jan 2020,-1.3,5.0,292.0,10172.0,-59.0,208.0
1392,02 Jan 2020,18.4,0.3,-235.0,10231.0,689.0,64.0
1391,03 Jan 2020,-15.2,28.0,-846.0,10445.0,1263.0,-1029.0
1390,06 Jan 2020,-16.9,9.5,-977.0,12134.0,-104.0,-24.0
1389,07 Jan 2020,9.0,3.1,1392.0,11883.0,-682.0,311.0
1388,08 Jan 2020,5.3,-25.9,-1214.0,12311.0,-516.0,748.0
1387,09 Jan 2020,16.8,7.3,1445.0,12944.0,-431.0,419.0
1386,10 Jan 2020,1.8,7.1,308.0,13481.0,578.0,-252.0
1385,13 Jan 2020,-2.2,7.0,208.0,13534.0,68.0,47.0
1384,14 Jan 2020,3.4,14.7,-73.0,13803.0,-206.0,-642.0
1383,15 Jan 2020,-14.5,13.8,-910.0,13841.0,280.0,-648.0
1382,16 Jan 2020,-4.3,-19.4,-586.0,14129.0,-395.0,-185.0
1381,17 Jan 2020,-5.4,14.2,130.0,13985.0,264.0,-500.0
1380,20 Jan 2020,-21.6,26.6,134.0,15323.0,6.0,-1420.0
1379,21 Jan 2020,-12.3,-7.2,-552.0,16471.0,-50.0,-308.0
1378,22 Jan 2020,-20.3,20.4,-927.0,17783.0,-176.0,-326.0
1377,23 Jan 2020,28.0,-26.0,-417.0,18272.0,1352.0,-985.0
1376,24 Jan 2020,-10.6,-1.4,-581.0,18511.0,659.0,418.0
1375,27 Jan 2020,2.2,2.6,-2269.0,18871.0,-439.0,11.0
1374,28 Jan 2020,-18.3,11.0,-541.0,19450.0,-1358.0,712.0
1373,29 Jan 2020,1.8,-8.9,440.0,19800.0,-1014.0,1521.0
1372,30 Jan 2020,-4.8,-79.5,-1534.0,9558.0,-962.0,292.0
1371,31 Jan 2020,5.9,10.8,-2283.0,12172.0,-4179.0,3816.0
1370,01 Feb 2020,-30.6,11.6,-1410.0,14757.0,-1200.0,37.0
1369,03 Feb 2020,18.9,18.5,406.0,15016.0,-1200.0,1287.0
1368,04 Feb 2020,34.3,-13.4,680.0,14892.0,366.0,602.0
1367,05 Feb 2020,8.2,-0.3,-320.0,14921.0,249.0,263.0
1366,06 Feb 2020,2.2,-16.5,219.0,14616.0,-560.0,304.0
1365,07 Feb 2020,11.7,2.0,-428.0,14616.0,162.0,-179.0
1364,10 Feb 2020,4.3,12.4,-410.0,14666.0,-185.0,-736.0
1363,11 Feb 2020,1.1,10.5,1404.0,14660.0,-209.0,345.0
1362,12 Feb 2020,7.5,-1.1,1145.0,13917.0,49.0,339.0
1361,13 Feb 2020,-17.8,-6.2,-1235.0,13217.0,1061.0,-960.0
1360,14 Feb 2020,-8.1,17.0,109.0,12842.0,-705.0,220.0
1359,17 Feb 2020,5.9,6.7,520.0,12528.0,-374.0,-154.0
1358,18 Feb 2020,-7.4,20.7,-460.0,13993.0,-74.0,-309.0
1357,19 Feb 2020,16.3,2.1,994.0,13754.0,-191.0,590.0
1356,20 Feb 2020,-18.2,-14.4,-753.0,13271.0,1495.0,-700.0
1355,24 Feb 2020,-3.4,19.6,-1238.0,16350.0,-1161.0,516.0
1354,25 Feb 2020,3.2,-15.9,1470.0,17428.0,-2315.0,1565.0
1353,26 Feb 2020,8.3,13.0,-1262.0,20483.0,-3337.0,2786.0
1352,27 Feb 2020,-19.7,-46.0,-2201.0,15553.0,-3127.0,3498.0
1351,28 Feb 2020,-17.2,16.5,-1631.0,16511.0,-1429.0,7621.0
1350,02 Mar 2020,30.0,22.9,3159.0,14697.0,-1355.0,1139.0
1349,03 Mar 2020,6.7,9.1,241.0,15251.0,-2416.0,3135.0
1348,04 Mar 2020,15.1,-2.0,-1554.0,16326.0,-878.0,764.0
1347,05 Mar 2020,-43.3,-22.3,-342.0,16871.0,-2477.0,2511.0
1346,06 Mar 2020,-5.0,23.1,-2982.0,19223.0,-3595.0,2544.0
1345,09 Mar 2020,16.8,12.5,222.0,18486.0,-6596.0,4975.0
1344,11 Mar 2020,4.9,-7.6,1216.0,18400.0,-3515.0,2835.0
1343,12 Mar 2020,-34.2,-25.0,-14.0,16678.0,-3475.0,3918.0
1342,13 Mar 2020,19.4,-12.8,2498.0,14709.0,-6028.0,5868.0
1341,16 Mar 2020,-16.7,0.1,654.0,16825.0,-3810.0,2615.0
1340,17 Mar 2020,7.4,-9.6,859.0,16142.0,-4045.0,3422.0
1339,18 Mar 2020,1.6,-3.3,300.0,16454.0,-5085.0,3636.0
1338,19 Mar 2020,-43.6,-10.1,45.0,15732.0,-4623.0,4367.0
1337,20 Mar 2020,24.1,-6.1,2428.0,17684.0,-3346.0,2431.0
1336,23 Mar 2020,-12.7,8.7,737.0,13113.0,-2989.0,1082.0
1335,24 Mar 2020,8.2,-0.5,3197.0,11905.0,-2153.0,1554.0
1334,25 Mar 2020,15.9,-7.2,-45.0,13318.0,-1893.0,738.0
1333,26 Mar 2020,-16.7,-106.7,-360.0,7401.0,-485.0,-770.0
1332,27 Mar 2020,5.0,-1.7,-29.0,6937.0,356.0,1704.0
1331,30 Mar 2020,-1.2,7.6,-967.0,7725.0,-4364.0,3550.0
1330,31 Mar 2020,10.0,-5.1,1506.0,7347.0,-3045.0,3576.0
1329,01 Apr 2020,-8.9,10.9,-1197.0,7950.0,-1117.0,-450.0
1328,03 Apr 2020,5.9,0.5,279.0,7546.0,-1961.0,227.0
1327,07 Apr 2020,5.7,-19.0,2368.0,8233.0,742.0,423.0
1326,08 Apr 2020,-8.1,1.2,-413.0,7919.0,1943.0,-1758.0
1325,09 Apr 2020,-0.8,4.0,755.0,8986.0,1738.0,-466.0
1324,13 Apr 2020,1.3,3.1,-475.0,8528.0,-1244.0,-1097.0
1323,15 Apr 2020,-1.2,-0.0,1283.0,8157.0,1359.0,-1098.0
1322,16 Apr 2020,-8.0,13.1,361.0,8529.0,-2920.0,1321.0
1321,17 Apr 2020,4.9,-1.4,-7.0,8713.0,-1392.0,534.0
1320,20 Apr 2020,-2.5,1.7,245.0,8834.0,-266.0,-789.0
1319,21 Apr 2020,-1.3,-1.4,-1071.0,9501.0,-2095.0,-68.0
1318,22 Apr 2020,5.9,-10.9,417.0,9556.0,-1326.0,864.0
1317,23 Apr 2020,-3.7,1.8,139.0,9374.0,-115.0,338.0
1316,24 Apr 2020,2.0,7.9,-456.0,9314.0,-207.0,-994.0
1315,27 Apr 2020,8.4,0.1,1548.0,9134.0,-916.0,1142.0
1314,28 Apr 2020,9.6,-7.9,692.0,9531.0,-122.0,389.0
1313,29 Apr 2020,3.5,3.0,-66.0,9621.0,722.0,79.0
1312,30 Apr 2020,-26.1,-7.4,-294.0,7120.0,1969.0,579.0
1311,04 May 2020,-6.9,17.5,-1606.0,6589.0,-1374.0,-1662.0
1310,05 May 2020,-6.7,-3.5,179.0,6428.0,-1059.0,-995.0
1309,06 May 2020,11.4,-5.2,511.0,6326.0,-494.0,322.0
1308,07 May 2020,0.9,10.1,-1628.0,6247.0,19056.0,3818.0
1307,08 May 2020,4.1,3.8,329.0,6078.0,1725.0,-1503.0
1306,11 May 2020,-3.9,3.5,806.0,5735.0,535.0,-822.0
1305,12 May 2020,1.2,0.2,-872.0,5935.0,-1662.0,-364.0
1304,13 May 2020,-19.9,-10.4,-49.0,4758.0,-283.0,233.0
1303,14 May 2020,-1.4,10.7,-1328.0,5007.0,-2153.0,802.0
1302,15 May 2020,5.3,6.5,-620.0,5185.0,-2388.0,1226.0
1301,18 May 2020,-10.5,0.4,-803.0,5609.0,-2513.0,-152.0
1300,19 May 2020,24.7,-11.5,2332.0,5484.0,-1328.0,1660.0
1299,20 May 2020,1.4,-6.8,216.0,5753.0,-1467.0,2373.0
1298,21 May 2020,-8.9,-3.7,-471.0,6489.0,-259.0,402.0
1297,22 May 2020,3.8,22.9,-671.0,7424.0,-1354.0,-344.0
1296,26 May 2020,-4.0,11.4,189.0,7168.0,4716.0,2841.0
1295,27 May 2020,34.2,-9.2,1664.0,10178.0,-335.0,2409.0
1294,28 May 2020,-4.7,-20.7,-354.0,7627.0,2354.0,145.0
1293,29 May 2020,6.7,-1.9,-631.0,6846.0,1461.0,967.0
1292,01 Jun 2020,-5.3,4.2,136.0,7534.0,1575.0,-459.0
1291,02 Jun 2020,13.8,-4.9,357.0,8220.0,7498.0,441.0
1290,03 Jun 2020,-0.9,-0.4,532.0,8712.0,1851.0,-782.0
1289,04 Jun 2020,-4.9,3.5,-1266.0,7712.0,2905.0,-847.0
1288,05 Jun 2020,12.5,-2.1,-345.0,8523.0,98.0,47.0
1287,08 Jun 2020,-0.4,-0.8,-439.0,8302.0,813.0,-1238.0
1286,09 Jun 2020,-6.2,-1.3,226.0,8181.0,491.0,-733.0
1285,10 Jun 2020,8.8,-12.8,294.0,8726.0,-919.0,501.0
1284,11 Jun 2020,-18.0,28.8,-923.0,8414.0,-805.0,-874.0
1283,12 Jun 2020,3.0,-16.0,-502.0,8580.0,-1311.0,1945.0
1282,15 Jun 2020,-6.5,10.9,-355.0,7886.0,-2960.0,1076.0
1281,16 Jun 2020,-0.3,-0.7,114.0,8135.0,-1479.0,1162.0
1280,17 Jun 2020,-13.7,-8.0,266.0,7748.0,-487.0,168.0
1279,18 Jun 2020,11.7,-12.5,172.0,7551.0,367.0,1131.0
1278,19 Jun 2020,2.2,3.3,511.0,8193.0,1237.0,-881.0
1277,22 Jun 2020,-3.2,-0.4,76.0,8674.0,424.0,-1288.0
1276,23 Jun 2020,7.8,-12.5,-115.0,9609.0,169.0,454.0
1275,24 Jun 2020,-14.0,11.3,-1051.0,9406.0,1767.0,-1525.0
1274,25 Jun 2020,-22.6,4.9,-1002.0,6646.0,-1051.0,-256.0
1273,26 Jun 2020,14.5,0.5,-190.0,7912.0,-753.0,1304.0
1272,29 Jun 2020,-12.3,8.6,-1242.0,7229.0,-1937.0,1036.0
1271,30 Jun 2020,3.6,13.3,367.0,7240.0,-2000.0,2051.0
1270,01 Jul 2020,-9.8,-11.2,1115.0,6694.0,-1696.0,1377.0
1269,02 Jul 2020,16.0,-11.3,706.0,6630.0,-557.0,909.0
1268,03 Jul 2020,4.7,2.5,504.0,6934.0,857.0,-332.0
1267,06 Jul 2020,15.8,-6.3,704.0,7456.0,348.0,263.0
1266,07 Jul 2020,2.9,-0.1,-409.0,7117.0,830.0,-784.0
1265,08 Jul 2020,7.5,7.7,1002.0,7686.0,-995.0,-853.0
1264,09 Jul 2020,-6.6,-7.3,1331.0,8971.0,213.0,-803.0
1263,10 Jul 2020,-10.8,29.5,-1610.0,8369.0,-1031.0,-431.0
1262,13 Jul 2020,-5.4,6.2,-498.0,7804.0,222.0,-1486.0
1261,14 Jul 2020,-8.7,7.3,-1645.0,8799.0,-1566.0,-650.0
1260,15 Jul 2020,6.3,-10.3,1590.0,7798.0,-222.0,-899.0
1259,16 Jul 2020,17.0,-6.6,-644.0,8161.0,-1091.0,1660.0
1258,17 Jul 2020,8.8,-3.1,652.0,8104.0,697.0,-209.0
1257,20 Jul 2020,-4.1,1.4,-68.0,8534.0,1710.0,-1522.0
1256,21 Jul 2020,16.8,-6.9,857.0,9663.0,2266.0,-727.0
1255,22 Jul 2020,-2.1,9.6,337.0,9963.0,1666.0,-1139.0
1254,23 Jul 2020,-9.6,-1.8,220.0,10841.0,1741.0,-932.0
1253,24 Jul 2020,-10.1,-0.3,-1196.0,10206.0,410.0,-1003.0
1252,27 Jul 2020,-0.2,2.9,500.0,9518.0,-453.0,-978.0
1251,28 Jul 2020,4.0,-12.2,993.0,11096.0,246.0,-1017.0
1250,29 Jul 2020,-11.8,20.4,-819.0,13734.0,-353.0,-506.0
1249,30 Jul 2020,-1.9,-33.2,539.0,8845.0,207.0,-387.0
1248,31 Jul 2020,-2.2,7.0,30.0,9015.0,-959.0,443.0
1247,03 Aug 2020,-16.0,22.0,-2615.0,8694.0,7818.0,-136.0
1246,04 Aug 2020,24.3,-14.6,1228.0,7905.0,704.0,-666.0
1245,05 Aug 2020,-6.9,-1.5,-528.0,7235.0,-60.0,-426.0
1244,06 Aug 2020,16.8,-7.4,494.0,7958.0,637.0,-468.0
1243,07 Aug 2020,-6.5,-0.3,-63.0,8474.0,397.0,-439.0
1242,10 Aug 2020,-2.4,7.5,24.0,8481.0,303.0,-505.0
1241,11 Aug 2020,-1.2,2.4,106.0,8475.0,1014.0,-1416.0
1240,12 Aug 2020,2.9,7.3,-1163.0,8731.0,351.0,-940.0
1239,13 Aug 2020,5.1,-5.6,767.0,8903.0,416.0,-764.0
1238,14 Aug 2020,-0.8,4.1,413.0,8646.0,46.0,-797.0
1237,17 Aug 2020,8.9,-3.5,1558.0,9357.0,333.0,-718.0
1236,18 Aug 2020,7.4,7.1,-161.0,9571.0,1135.0,-379.0
1235,19 Aug 2020,-5.3,2.3,-250.0,9540.0,459.0,-97.0
1234,20 Aug 2020,-3.7,13.5,-1697.0,9619.0,-268.0,-672.0
1233,21 Aug 2020,14.8,-5.0,1236.0,10122.0,410.0,-251.0
1232,24 Aug 2020,9.2,-3.4,786.0,10174.0,219.0,-336.0
1231,25 Aug 2020,5.1,3.3,-144.0,10938.0,1481.0,-173.0
1230,26 Aug 2020,6.5,-7.6,360.0,14542.0,1581.0,-1195.0
1229,27 Aug 2020,-31.1,-3.0,600.0,11631.0,1164.0,-809.0
1228,28 Aug 2020,8.8,10.2,351.0,11352.0,1004.0,-544.0
1227,31 Aug 2020,-31.5,24.4,-4068.0,11127.0,-3395.0,681.0
1226,01 Sep 2020,15.1,-8.8,1035.0,10898.0,486.0,-775.0
1225,02 Sep 2020,-15.3,-1.1,-820.0,10771.0,991.0,-657.0
1224,03 Sep 2020,6.6,2.9,-772.0,10300.0,8.0,120.0
1223,04 Sep 2020,-0.6,1.2,-696.0,10006.0,-1889.0,-457.0
1222,07 Sep 2020,-3.5,-3.7,653.0,10075.0,-7.0,-816.0
1221,08 Sep 2020,0.4,4.9,211.0,9718.0,-1057.0,620.0
1220,09 Sep 2020,-6.0,21.9,-726.0,9766.0,-959.0,-264.0
1219,10 Sep 2020,21.4,-7.5,609.0,9157.0,838.0,-317.0
1218,11 Sep 2020,-4.5,6.6,-467.0,9608.0,1176.0,-724.0
1217,14 Sep 2020,-9.9,16.3,-829.0,10372.0,298.0,-120.0
1216,15 Sep 2020,14.5,-8.7,84.0,10470.0,1171.0,-896.0
1215,16 Sep 2020,2.8,4.5,-414.0,11195.0,265.0,-212.0
1214,17 Sep 2020,3.4,8.5,-673.0,11330.0,-250.0,-1068.0
1213,18 Sep 2020,6.5,6.5,1900.0,10212.0,205.0,-101.0
1212,21 Sep 2020,-15.8,5.9,432.0,10891.0,-540.0,-518.0
1211,22 Sep 2020,-4.4,13.8,-696.0,11416.0,-2073.0,879.0
1210,23 Sep 2020,4.2,18.0,-587.0,11300.0,-3912.0,1629.0
1209,24 Sep 2020,2.2,-52.0,-1799.0,6035.0,-1886.0,189.0
1208,25 Sep 2020,26.4,-20.7,1285.0,6421.0,-2080.0,2071.0
1207,28 Sep 2020,7.0,1.4,709.0,7257.0,-27.0,542.0
1206,29 Sep 2020,-10.1,-5.9,-644.0,7440.0,-1457.0,577.0
1205,30 Sep 2020,15.4,-14.9,725.0,8009.0,-712.0,409.0
1204,01 Oct 2020,8.4,1.3,1476.0,8638.0,1632.0,259.0
1203,05 Oct 2020,-2.4,14.0,-45.0,8844.0,237.0,-472.0
1202,06 Oct 2020,12.0,-1.4,-514.0,8546.0,1102.0,-935.0
1201,07 Oct 2020,-6.8,0.4,781.0,9878.0,1094.0,-1129.0
1200,08 Oct 2020,-15.7,-14.2,1399.0,12162.0,978.0,20.0
1199,09 Oct 2020,3.5,-0.8,739.0,12414.0,-39.0,127.0
1198,12 Oct 2020,-18.2,1.2,-701.0,12161.0,615.0,-1029.0
1197,13 Oct 2020,-7.4,8.7,-59.0,12238.0,832.0,-1674.0
1196,14 Oct 2020,8.2,19.5,-714.0,12107.0,822.0,-1276.0
1195,15 Oct 2020,-2.5,-7.6,-107.0,11949.0,-604.0,-808.0
1194,16 Oct 2020,2.5,6.8,-42.0,11231.0,-480.0,-430.0
1193,19 Oct 2020,-1.6,1.3,141.0,11576.0,1657.0,-1622.0
1192,20 Oct 2020,-9.3,-3.5,-285.0,12086.0,1585.0,-1633.0
1191,21 Oct 2020,16.8,-8.0,151.0,12149.0,2108.0,-1634.0
1190,22 Oct 2020,-9.9,-0.2,-319.0,12057.0,1118.0,-2020.0
1189,23 Oct 2020,-12.3,13.0,-601.0,11955.0,907.0,-892.0
1188,26 Oct 2020,1.9,-8.8,-600.0,10370.0,-119.0,-979.0
1187,27 Oct 2020,11.9,-12.6,-1116.0,11615.0,3515.0,-1571.0
1186,28 Oct 2020,-21.7,-3.0,-1905.0,12964.0,-1131.0,1.0
1185,29 Oct 2020,-7.5,-10.3,-1659.0,8962.0,-421.0,-253.0
1184,30 Oct 2020,-5.3,7.6,-966.0,10169.0,-871.0,631.0
1183,02 Nov 2020,-4.0,-18.2,1227.0,8809.0,741.0,-534.0
1182,03 Nov 2020,17.5,-0.7,480.0,9149.0,2274.0,-1101.0
1181,04 Nov 2020,-6.0,1.6,-290.0,9310.0,146.0,-8.0
1180,05 Nov 2020,8.2,-9.1,3441.0,10476.0,5368.0,-2208.0
1179,06 Nov 2020,34.9,4.6,521.0,10650.0,4870.0,-2939.0
1178,09 Nov 2020,-11.3,-8.7,905.0,11772.0,4548.0,-3036.0
1177,10 Nov 2020,-2.0,3.4,2017.0,13488.0,5627.0,-2309.0
1176,11 Nov 2020,4.8,-2.2,239.0,14479.0,6207.0,-3464.0
1175,12 Nov 2020,-18.0,-17.7,-1654.0,13904.0,1514.0,-2239.0
1174,13 Nov 2020,0.3,-7.9,-473.0,14460.0,1936.0,-2462.0
1173,14 Nov 2020,-3.4,-7.3,152.0,14455.0,-79.0,-20.0
1172,17 Nov 2020,21.2,4.6,1015.0,14636.0,4905.0,-3829.0
1171,18 Nov 2020,6.0,12.5,447.0,14858.0,3072.0,-2790.0
1170,19 Nov 2020,-18.7,9.4,-738.0,15195.0,1181.0,-2855.0
1169,20 Nov 2020,4.3,-2.0,649.0,15625.0,3861.0,-2869.0
1168,23 Nov 2020,-1.1,-2.1,73.0,16229.0,4738.0,-2944.0
1167,24 Nov 2020,26.2,4.8,-29.0,17297.0,4563.0,-2522.0
1166,25 Nov 2020,-27.4,20.6,-1803.0,16496.0,24.0,-1840.0
1165,26 Nov 2020,-12.1,-45.5,-117.0,12738.0,2027.0,-3400.0
1164,27 Nov 2020,-5.7,13.2,1770.0,13475.0,7713.0,-4969.0
1163,01 Dec 2020,8.5,-5.3,-482.0,13686.0,3242.0,-1043.0
1162,02 Dec 2020,-4.1,23.0,-1082.0,13071.0,357.0,-1636.0
1161,03 Dec 2020,6.1,-25.0,176.0,14427.0,3637.0,-1440.0
1160,04 Dec 2020,4.4,8.9,897.0,15048.0,2970.0,-1972.0
1159,07 Dec 2020,-2.3,-7.6,-1130.0,13845.0,3792.0,-2767.0
1158,08 Dec 2020,-8.4,0.2,-324.0,13622.0,2910.0,-2641.0
1157,09 Dec 2020,9.2,-7.3,598.0,13770.0,3564.0,-2493.0
1156,10 Dec 2020,-3.1,10.4,-1311.0,12850.0,2260.0,-2275.0
1155,11 Dec 2020,-10.7,4.2,291.0,12254.0,4195.0,-2359.0
1154,14 Dec 2020,-6.0,8.6,-812.0,12564.0,2264.0,-1721.0
1153,15 Dec 2020,10.8,4.3,-95.0,11938.0,2484.0,-2667.0
1152,16 Dec 2020,12.7,-7.4,553.0,13071.0,1982.0,-1718.0
1151,17 Dec 2020,-9.7,-20.6,-375.0,15023.0,2355.0,-2494.0
1150,18 Dec 2020,9.0,14.7,-197.0,15320.0,2721.0,-2425.0
1149,21 Dec 2020,-13.5,24.6,-265.0,14629.0,-324.0,486.0
1148,22 Dec 2020,10.8,4.3,589.0,15589.0,1153.0,-662.0
1147,23 Dec 2020,3.7,-5.1,-1379.0,14909.0,536.0,-1327.0
1146,24 Dec 2020,-10.6,-10.1,1102.0,15865.0,1226.0,-1898.0
1145,28 Dec 2020,8.4,20.8,432.0,17381.0,1589.0,-1387.0
1144,29 Dec 2020,-0.3,0.6,-287.0,17493.0,2350.0,-2011.0
1143,30 Dec 2020,20.9,10.0,-468.0,20490.0,1825.0,-587.0
1142,31 Dec 2020,-49.5,-69.4,19.0,13442.0,1136.0,-258.0
1141,01 Jan 2021,-8.5,24.7,-265.0,13210.0,506.0,69.0
1140,04 Jan 2021,2.3,9.0,943.0,13797.0,1843.0,-715.0
1139,05 Jan 2021,-5.1,-17.3,-176.0,13682.0,986.0,-490.0
1138,06 Jan 2021,29.4,54.1,-295.0,13384.0,-484.0,-380.0
1137,07 Jan 2021,-10.3,-25.2,217.0,13077.0,382.0,-990.0
1136,08 Jan 2021,12.6,-8.9,1133.0,14319.0,6030.0,-2373.0
1135,11 Jan 2021,-0.6,18.2,-1357.0,13301.0,3139.0,-2610.0
1134,12 Jan 2021,-5.4,-11.1,-1206.0,12432.0,571.0,-1335.0
1133,13 Jan 2021,22.8,37.0,-976.0,12023.0,1879.0,-2370.0
1132,14 Jan 2021,-19.6,-30.1,9.0,12544.0,1077.0,-188.0
1131,15 Jan 2021,-17.6,23.0,-1063.0,12558.0,971.0,-942.0
1130,18 Jan 2021,5.0,4.7,-267.0,11899.0,651.0,-43.0
1129,19 Jan 2021,24.4,-21.8,509.0,13000.0,258.0,-199.0
1128,20 Jan 2021,-15.4,8.8,-1313.0,12820.0,2289.0,-865.0
1127,21 Jan 2021,7.3,-28.9,1102.0,13779.0,1615.0,-1039.0
1126,22 Jan 2021,-38.6,22.3,-1471.0,14085.0,-636.0,-1290.0
1125,25 Jan 2021,15.6,-0.9,1861.0,15555.0,-765.0,-388.0
1124,27 Jan 2021,-10.2,31.0,-1328.0,17655.0,-1688.0,-3.0
1123,28 Jan 2021,1.1,-38.5,-1389.0,11942.0,-3713.0,1737.0
1122,29 Jan 2021,8.3,12.1,-5.0,11106.0,-5931.0,2443.0
1121,01 Feb 2021,-14.0,-11.2,2135.0,11574.0,1494.0,-90.0
1120,02 Feb 2021,14.6,18.2,-975.0,11457.0,6182.0,-2035.0
1119,03 Feb 2021,4.5,-23.0,-69.0,12017.0,2521.0,-400.0
1118,04 Feb 2021,3.5,8.8,-1555.0,13110.0,1937.0,-769.0
1117,05 Feb 2021,20.9,4.7,-461.0,12984.0,1462.0,-1419.0
1116,08 Feb 2021,-20.0,-9.7,491.0,12625.0,1877.0,-505.0
1115,09 Feb 2021,2.5,-7.4,371.0,12484.0,1301.0,-1756.0
1114,10 Feb 2021,12.0,9.8,141.0,12458.0,1787.0,-2076.0
1113,11 Feb 2021,-1.8,-1.6,2.0,12895.0,944.0,-708.0
1112,12 Feb 2021,-20.0,-6.0,-733.0,13584.0,-37.0,-598.0
1111,15 Feb 2021,20.1,-7.7,523.0,14654.0,1234.0,-1049.0
1110,16 Feb 2021,6.2,26.5,-608.0,14225.0,1144.0,-1560.0
1109,17 Feb 2021,-7.3,8.6,-182.0,13190.0,1008.0,-1283.0
1108,18 Feb 2021,3.8,-12.8,-18.0,13863.0,903.0,-1217.0
1107,19 Feb 2021,11.9,23.3,281.0,13791.0,119.0,-1175.0
1106,22 Feb 2021,12.5,26.2,749.0,13661.0,-893.0,-920.0
1105,23 Feb 2021,14.9,5.8,-160.0,13920.0,-1569.0,217.0
1104,24 Feb 2021,7.6,-22.6,443.0,15512.0,28739.0,230.0
1103,25 Feb 2021,-71.3,-19.1,382.0,13317.0,188.0,-747.0
1102,26 Feb 2021,-2.6,32.5,-3806.0,14449.0,-8295.0,1500.0
1101,01 Mar 2021,11.0,-15.3,1498.0,13008.0,125.0,-195.0
1100,02 Mar 2021,0.4,-15.7,-1894.0,13802.0,2053.0,-854.0
1099,03 Mar 2021,16.2,3.3,1372.0,13580.0,2089.0,393.0
1098,04 Mar 2021,-14.6,15.3,-2265.0,14875.0,-223.0,-788.0
1097,05 Mar 2021,-7.6,8.9,68.0,15615.0,-2014.0,-1191.0
1096,08 Mar 2021,3.4,-0.8,-858.0,15571.0,-1494.0,484.0
1095,09 Mar 2021,26.4,9.4,1735.0,14394.0,2802.0,1250.0
1094,10 Mar 2021,-0.2,-15.4,88.0,14103.0,-16.0,448.0
1093,12 Mar 2021,-17.4,32.0,-586.0,13776.0,-943.0,-164.0
1092,15 Mar 2021,4.9,20.0,-497.0,13669.0,-1101.0,-750.0
1091,16 Mar 2021,3.1,-7.6,275.0,13637.0,1692.0,-1169.0
1090,17 Mar 2021,-2.2,9.9,-6.0,13826.0,2626.0,-562.0
1089,18 Mar 2021,-7.2,-20.8,361.0,13733.0,1258.0,-1116.0
1088,19 Mar 2021,11.3,-2.3,1507.0,12919.0,1418.0,560.0
1087,22 Mar 2021,-1.7,15.3,-18.0,13589.0,-787.0,543.0
1086,23 Mar 2021,6.0,-1.4,440.0,13403.0,-108.0,-530.0
1085,24 Mar 2021,2.8,24.6,-1677.0,14297.0,-1952.0,613.0
1084,25 Mar 2021,-28.7,-75.9,960.0,10945.0,-3384.0,2268.0
1083,26 Mar 2021,8.0,-13.8,1880.0,11506.0,-50.0,1703.0
1082,30 Mar 2021,7.2,-22.8,1275.0,11287.0,769.0,2181.0
1081,31 Mar 2021,-16.6,58.2,-2449.0,12740.0,-1686.0,2082.0
1080,01 Apr 2021,10.6,-22.9,445.0,12336.0,149.0,-297.0
1079,05 Apr 2021,-9.8,7.8,-1803.0,12510.0,-932.0,75.0
1078,06 Apr 2021,16.5,7.4,298.0,12239.0,-1093.0,417.0
1077,07 Apr 2021,7.3,-14.9,762.0,11009.0,227.0,381.0
1076,08 Apr 2021,-17.1,9.3,262.0,10906.0,111.0,553.0
1075,09 Apr 2021,1.3,15.4,-639.0,11651.0,-654.0,-271.0
1074,12 Apr 2021,4.2,11.0,-1740.0,12420.0,-1746.0,233.0
1073,13 Apr 2021,24.2,-34.3,1995.0,12333.0,-731.0,244.0
1072,15 Apr 2021,-10.7,9.3,1309.0,12848.0,980.0,-527.0
1071,16 Apr 2021,21.9,5.0,55.0,14869.0,438.0,658.0
1070,19 Apr 2021,-3.2,-1.1,-310.0,13840.0,-1634.0,2356.0
1069,20 Apr 2021,-26.9,2.9,307.0,12846.0,-1082.0,1323.0
1068,22 Apr 2021,32.6,-13.3,438.0,11161.0,-910.0,850.0
1067,23 Apr 2021,12.7,-10.3,-233.0,11907.0,-1361.0,1696.0
1066,26 Apr 2021,11.0,-3.0,1218.0,12346.0,-1112.0,1023.0
1065,27 Apr 2021,19.9,1.4,-64.0,13316.0,-1455.0,1463.0
1064,28 Apr 2021,-11.3,-5.6,167.0,15209.0,766.0,436.0
1063,29 Apr 2021,-64.3,-20.9,-648.0,9956.0,809.0,-942.0
1062,30 Apr 2021,14.3,27.8,-2963.0,10810.0,-3465.0,1419.0
1061,03 May 2021,5.9,15.6,-1916.0,10804.0,-2289.0,553.0
1060,04 May 2021,10.5,7.3,-288.0,10065.0,-1772.0,987.0
1059,05 May 2021,-1.1,-20.3,10.0,9751.0,-1111.0,-241.0
1058,06 May 2021,13.9,2.5,-251.0,10546.0,1223.0,-633.0
1057,07 May 2021,-16.4,-6.2,402.0,10921.0,-1143.0,1468.0
1056,10 May 2021,15.2,12.1,-322.0,10434.0,584.0,-476.0
1055,11 May 2021,-17.6,-11.5,-2220.0,11419.0,-336.0,-677.0
1054,12 May 2021,-4.8,43.5,-556.0,12052.0,-1261.0,-704.0
1053,14 May 2021,32.6,11.0,625.0,11406.0,-2608.0,613.0
1052,17 May 2021,6.2,-50.5,886.0,12079.0,-2256.0,1948.0
1051,18 May 2021,39.0,15.0,3076.0,13491.0,618.0,450.0
1050,19 May 2021,-7.0,3.1,142.0,12823.0,-698.0,-853.0
1049,20 May 2021,-39.8,37.3,-961.0,13076.0,71.0,-876.0
1048,21 May 2021,13.6,-22.9,1481.0,12994.0,510.0,649.0
1047,24 May 2021,-10.4,5.8,-370.0,12569.0,585.0,-708.0
1046,25 May 2021,11.6,11.2,1477.0,15711.0,960.0,-564.0
1045,26 May 2021,23.3,20.3,1290.0,17226.0,242.0,-439.0
1044,27 May 2021,-55.8,-81.3,2637.0,12208.0,-661.0,112.0
1043,28 May 2021,0.5,13.4,438.0,13269.0,914.0,1275.0
1042,31 May 2021,18.7,4.0,-690.0,12829.0,2412.0,180.0
1041,01 Jun 2021,-9.7,-3.3,414.0,13431.0,-450.0,230.0
1040,02 Jun 2021,-6.1,1.0,-1107.0,12355.0,921.0,242.0
1039,03 Jun 2021,-6.0,-17.2,560.0,13035.0,1079.0,-279.0
1038,04 Jun 2021,-4.4,30.9,-614.0,13360.0,1499.0,-1175.0
1037,07 Jun 2021,16.4,9.6,515.0,13286.0,-186.0,984.0
1036,08 Jun 2021,-3.9,13.6,-67.0,13319.0,1423.0,-1627.0
1035,09 Jun 2021,-34.7,-43.9,537.0,13272.0,-846.0,-272.0
1034,10 Jun 2021,34.5,-1.9,-944.0,13340.0,1330.0,-575.0
1033,11 Jun 2021,-13.1,6.5,-122.0,12902.0,19.0,666.0
1032,14 Jun 2021,17.9,23.4,-2638.0,11569.0,-504.0,544.0
1031,15 Jun 2021,4.5,-9.9,-11.0,11932.0,634.0,-649.0
1030,16 Jun 2021,-9.8,27.0,-586.0,11317.0,-870.0,-874.0
1029,17 Jun 2021,10.7,1.7,-378.0,10991.0,-880.0,45.0
1028,18 Jun 2021,-7.3,3.2,-101.0,12121.0,2681.0,446.0
1027,21 Jun 2021,11.7,5.5,-478.0,12358.0,-1245.0,138.0
1026,22 Jun 2021,29.1,37.3,669.0,11560.0,-1028.0,302.0
1025,23 Jun 2021,7.3,29.4,372.0,11162.0,3157.0,1317.0
1024,24 Jun 2021,-65.8,-154.4,1780.0,11378.0,-2891.0,1139.0
1023,25 Jun 2021,13.9,20.3,-858.0,10822.0,-679.0,1833.0
1022,28 Jun 2021,-2.7,17.9,-729.0,10364.0,-1659.0,1277.0
1021,29 Jun 2021,4.9,42.9,-1301.0,9359.0,117.0,1810.0
1020,30 Jun 2021,3.7,-2.5,447.0,9830.0,-1647.0,1520.0
1019,01 Jul 2021,-3.7,1.4,-294.0,10374.0,-1245.0,881.0
1018,02 Jul 2021,-25.8,-25.0,99.0,9437.0,-983.0,930.0
1017,05 Jul 2021,5.6,-15.8,-133.0,10211.0,-338.0,646.0
1016,06 Jul 2021,14.2,6.3,224.0,10615.0,-543.0,521.0
1015,07 Jul 2021,3.8,-1.2,-319.0,10042.0,533.0,-232.0
1014,08 Jul 2021,-14.6,53.0,-2938.0,11493.0,-555.0,-949.0
1013,09 Jul 2021,21.6,39.7,-450.0,11583.0,-1125.0,107.0
1012,12 Jul 2021,-12.8,-10.0,719.0,11363.0,-746.0,447.0
1011,13 Jul 2021,16.0,-69.8,2573.0,10981.0,114.0,344.0
1010,14 Jul 2021,-0.5,2.3,278.0,11312.0,-1304.0,1336.0
1009,15 Jul 2021,9.6,4.1,706.0,11750.0,-265.0,439.0
1008,16 Jul 2021,-15.3,21.5,-1109.0,11865.0,-466.0,666.0
1007,19 Jul 2021,-56.1,26.2,-2069.0,10705.0,-2199.0,1048.0
1006,20 Jul 2021,18.7,50.8,-1785.0,11522.0,-2835.0,873.0
1005,22 Jul 2021,18.6,-53.9,1152.0,11013.0,-248.0,943.0
1004,23 Jul 2021,19.3,-4.6,697.0,12251.0,-163.0,2188.0
1003,26 Jul 2021,-20.3,-21.3,74.0,11938.0,-2377.0,1551.0
1002,27 Jul 2021,-12.7,53.5,-608.0,12999.0,-1459.0,730.0
1001,28 Jul 2021,3.1,0.3,-356.0,12951.0,-2275.0,921.0
1000,29 Jul 2021,3.1,0.3,-356.0,12951.0,-866.0,2046.0
999,30 Jul 2021,-17.1,-4.8,-1884.0,12157.0,-3848.0,2957.0
998,02 Aug 2021,58.7,-0.8,6.0,13610.0,-1540.0,1506.0
997,03 Aug 2021,51.7,10.2,2537.0,14293.0,2117.0,-299.0
996,04 Aug 2021,-22.9,-29.6,213.0,14153.0,2829.0,-411.0
995,05 Aug 2021,-2.1,-7.5,-365.0,14469.0,-720.0,732.0
994,06 Aug 2021,-16.8,3.3,-589.0,14941.0,-69.0,-631.0
993,09 Aug 2021,-27.5,-27.5,257.0,14565.0,212.0,-716.0
992,10 Aug 2021,0.7,-9.1,-288.0,15383.0,-179.0,689.0
991,11 Aug 2021,1.3,11.6,-905.0,14977.0,238.0,206.0
990,12 Aug 2021,31.4,-6.2,889.0,14678.0,-212.0,308.0
989,13 Aug 2021,60.0,37.2,631.0,15936.0,820.0,150.0
988,16 Aug 2021,11.7,-2.6,-332.0,16115.0,-1088.0,506.0
987,17 Aug 2021,5.5,50.5,-459.0,15932.0,-344.0,266.0
986,18 Aug 2021,-70.5,-40.5,-41.0,17089.0,-595.0,-729.0
985,20 Aug 2021,25.2,80.6,-913.0,15659.0,-2287.0,119.0
984,23 Aug 2021,-1.3,-16.2,310.0,15355.0,-1363.0,1453.0
983,24 Aug 2021,-9.1,45.5,1103.0,17044.0,-1645.0,2380.0
982,25 Aug 2021,5.0,19.1,78.0,19071.0,-1072.0,-151.0
981,26 Aug 2021,25.4,-47.5,-208.0,14056.0,-1974.0,1055.0
980,27 Aug 2021,-2.0,4.2,415.0,14552.0,-779.0,1646.0
979,30 Aug 2021,13.6,8.3,558.0,15192.0,1203.0,689.0
978,31 Aug 2021,13.6,8.3,558.0,15192.0,3881.0,-1872.0
977,01 Sep 2021,-48.1,-21.6,-873.0,15057.0,667.0,-1288.0
976,02 Sep 2021,-1.8,-19.8,1228.0,14975.0,349.0,382.0
975,03 Sep 2021,-18.0,2.0,-742.0,15764.0,769.0,669.0
974,06 Sep 2021,16.2,32.6,347.0,16115.0,-589.0,547.0
973,07 Sep 2021,6.5,14.6,433.0,14907.0,-145.0,-137.0
972,08 Sep 2021,-52.1,-49.8,44.0,15031.0,-803.0,1.0
971,09 Sep 2021,48.9,56.9,-1517.0,14902.0,423.0,704.0
970,13 Sep 2021,-6.7,-0.8,-647.0,15379.0,1419.0,-560.0
969,14 Sep 2021,-17.4,0.3,-197.0,15377.0,1650.0,-310.0
968,15 Sep 2021,40.5,-24.8,171.0,15940.0,233.0,168.0
967,15 Sep 2021,40.5,-24.8,171.0,15940.0,233.0,168.0
966,16 Sep 2021,-10.6,6.2,235.0,15537.0,1622.0,-795.0
965,17 Sep 2021,17.3,14.2,2067.0,15864.0,1553.0,-1399.0
964,20 Sep 2021,-33.2,12.9,-2560.0,15301.0,93.0,-1627.0
963,21 Sep 2021,16.1,5.8,283.0,16090.0,1042.0,2168.0
962,22 Sep 2021,8.4,26.1,-958.0,15534.0,-1943.0,1850.0
961,23 Sep 2021,5.1,-62.2,742.0,14807.0,358.0,1173.0
960,24 Sep 2021,-11.9,8.3,-315.0,14727.0,442.0,-516.0
959,27 Sep 2021,-30.9,6.6,572.0,16103.0,-595.0,1398.0
958,28 Sep 2021,28.4,69.2,-2205.0,18069.0,-1958.0,161.0
957,29 Sep 2021,0.7,35.1,-1572.0,18187.0,-1446.0,3262.0
956,30 Sep 2021,-102.7,-107.4,-2468.0,15113.0,-2226.0,97.0
955,01 Oct 2021,4.3,13.2,416.0,14782.0,131.0,-613.0
954,04 Oct 2021,51.6,14.6,-737.0,13571.0,861.0,228.0
953,05 Oct 2021,12.4,-0.1,-580.0,12899.0,-1915.0,1868.0
952,06 Oct 2021,-12.3,24.9,-244.0,12910.0,-803.0,-999.0
951,07 Oct 2021,-4.9,-47.7,1195.0,11467.0,-1764.0,2529.0
950,08 Oct 2021,10.6,-1.9,22.0,11475.0,-64.0,-168.0
949,11 Oct 2021,6.9,-28.5,1373.0,12087.0,-1303.0,-373.0
948,12 Oct 2021,-7.1,13.6,-1199.0,11765.0,-278.0,-741.0
947,13 Oct 2021,16.2,-14.1,1205.0,12854.0,937.0,-432.0
946,14 Oct 2021,-3.2,-0.1,1327.0,13807.0,1682.0,-1751.0
945,18 Oct 2021,-23.7,6.0,-506.0,13526.0,512.0,-1704.0
944,19 Oct 2021,-17.5,24.0,1771.0,15861.0,-506.0,-2578.0
943,20 Oct 2021,-28.9,14.0,-298.0,15950.0,-1843.0,-1681.0
942,21 Oct 2021,16.7,31.4,-1539.0,15557.0,-2819.0,428.0
941,22 Oct 2021,-27.9,15.0,-610.0,14817.0,-2698.0,1030.0
940,25 Oct 2021,12.6,-0.1,-808.0,15800.0,-2459.0,2390.0
939,26 Oct 2021,9.2,-7.2,-340.0,16176.0,-2369.0,1385.0
938,27 Oct 2021,-12.3,25.2,-2552.0,17917.0,-1913.0,472.0
937,28 Oct 2021,-57.1,-72.9,-1129.0,13721.0,-3819.0,837.0
936,29 Oct 2021,-0.1,11.4,690.0,14542.0,-5143.0,4343.0
935,01 Nov 2021,42.4,-5.6,58.0,14985.0,-202.0,116.0
934,02 Nov 2021,-25.9,17.2,-1528.0,14205.0,245.0,-6.0
933,03 Nov 2021,9.9,-7.4,547.0,4505.0,-401.0,196.0
932,04 Nov 2021,-4.9,-12.8,4.0,14579.0,-328.0,38.0
931,08 Nov 2021,29.8,15.6,2322.0,14953.0,-861.0,1912.0
930,09 Nov 2021,-11.9,34.1,-2622.0,13649.0,-2445.0,1418.0
929,10 Nov 2021,-16.4,14.3,-512.0,13856.0,-470.0,767.0
928,11 Nov 2021,-5.4,-3.6,193.0,14748.0,-1637.0,446.0
927,12 Nov 2021,52.0,-18.5,2103.0,15368.0,511.0,851.0
926,15 Nov 2021,-2.9,20.8,-291.0,15533.0,425.0,1525.0
925,16 Nov 2021,-36.4,14.7,-578.0,15246.0,-561.0,577.0
924,17 Nov 2021,-5.3,-14.7,112.0,15557.0,-344.0,-61.0
923,18 Nov 2021,24.1,33.3,-180.0,16409.0,-3931.0,1886.0
922,22 Nov 2021,25.2,22.8,134.0,16320.0,-3439.0,2051.0
921,23 Nov 2021,27.6,-18.4,297.0,17091.0,-4477.0,1412.0
920,24 Nov 2021,5.4,-7.6,-167.0,18903.0,-5123.0,3810.0
919,25 Nov 2021,-13.5,-38.1,598.0,15319.0,-2301.0,1368.0
918,26 Nov 2021,-52.7,45.3,-3271.0,14392.0,-5786.0,2294.0
917,29 Nov 2021,9.0,-54.6,2152.0,15163.0,-3332.0,4611.0
916,30 Nov 2021,6.5,-10.4,1589.0,15473.0,-5445.0,5350.0
915,01 Dec 2021,28.8,-18.0,930.0,15941.0,-2766.0,3467.0
914,02 Dec 2021,22.2,14.7,153.0,16230.0,-910.0,1373.0
913,03 Dec 2021,-38.3,38.4,-2364.0,14811.0,-3356.0,1649.0
912,06 Dec 2021,-2.7,41.0,-1155.0,14688.0,-3361.0,1702.0
911,07 Dec 2021,61.0,-33.6,2300.0,15239.0,-2585.0,2606.0
910,08 Dec 2021,-42.0,-39.8,594.0,15435.0,-579.0,1736.0
909,09 Dec 2021,13.1,33.4,-749.0,15850.0,-1586.0,783.0
908,10 Dec 2021,-8.4,0.1,-1323.0,14541.0,-1092.0,387.0
907,13 Dec 2021,-13.1,26.8,-946.0,15182.0,-2743.0,1351.0
906,14 Dec 2021,-40.6,4.3,-1657.0,16126.0,-763.0,425.0
905,15 Dec 2021,43.5,40.4,-416.0,15986.0,-3407.0,1553.0
904,16 Dec 2021,8.3,-23.7,828.0,15188.0,-1469.0,1533.0
903,17 Dec 2021,-43.3,-10.8,-471.0,15037.0,-2070.0,1479.0
902,20 Dec 2021,0.6,-8.2,-1163.0,14049.0,-3565.0,2764.0
901,21 Dec 2021,32.2,-7.1,3068.0,12719.0,-1210.0,1405.0
900,22 Dec 2021,-2.7,-24.0,-810.0,12860.0,-827.0,1593.0
899,23 Dec 2021,50.5,46.0,989.0,13700.0,-272.0,1196.0
898,24 Dec 2021,-31.2,-29.1,70.0,13496.0,-715.0,-43.0
897,27 Dec 2021,80.3,7.3,55.0,13415.0,-1038.0,956.0
896,28 Dec 2021,5.2,8.5,-34.0,13893.0,207.0,567.0
895,29 Dec 2021,10.9,39.8,-162.0,15215.0,-975.0,1007.0
894,30 Dec 2021,-107.4,-210.6,425.0,14639.0,-986.0,578.0
893,31 Dec 2021,-14.5,-20.5,884.0,15785.0,575.0,1166.0
892,03 Jan 2022,-8.9,-4.5,662.0,16317.0,903.0,803.0
891,04 Jan 2022,-10.5,-7.3,703.0,15818.0,1274.0,533.0
890,05 Jan 2022,-4.6,1.5,476.0,16138.0,337.0,1272.0
889,06 Jan 2022,9.3,62.3,-3013.0,14693.0,-1927.0,801.0
888,07 Jan 2022,-33.8,-13.2,579.0,14137.0,496.0,-116.0
887,10 Jan 2022,25.7,-1.5,-539.0,15078.0,-124.0,482.0
886,11 Jan 2022,-4.1,-16.7,-347.0,13771.0,112.0,379.0
885,12 Jan 2022,7.6,6.5,-142.0,14762.0,-1002.0,1332.0
884,13 Jan 2022,19.3,18.3,1473.0,16521.0,-1391.0,1065.0
883,14 Jan 2022,27.6,28.9,-626.0,15949.0,-1598.0,371.0
882,17 Jan 2022,2.4,20.0,-828.0,15704.0,-855.0,-115.0
881,18 Jan 2022,-51.2,-9.5,-205.0,14305.0,-1255.0,-220.0
880,19 Jan 2022,49.7,71.9,-1262.0,14195.0,-2705.0,-195.0
879,20 Jan 2022,-38.8,-10.9,-2103.0,14336.0,-4680.0,769.0
878,21 Jan 2022,7.2,1.6,-616.0,14394.0,-3149.0,269.0
877,24 Jan 2022,31.1,35.4,-1573.0,14311.0,-3752.0,75.0
876,25 Jan 2022,-11.7,-30.1,-156.0,16188.0,-7094.0,4535.0
875,27 Jan 2022,-54.8,-31.4,-3009.0,11424.0,-6267.0,2881.0
874,28 Jan 2022,-37.4,0.0,-1728.0,12692.0,-5045.0,3359.0
873,31 Jan 2022,-17.7,-32.9,1295.0,12055.0,-3624.0,3649.0
872,01 Feb 2022,35.4,-0.2,-415.0,13183.0,-22.0,1598.0
871,02 Feb 2022,19.9,-17.2,1697.0,13678.0,-184.0,426.0
870,03 Feb 2022,-8.2,27.3,-1185.0,14542.0,-1598.0,-371.0
869,04 Feb 2022,4.8,7.2,1829.0,13008.0,-2268.0,622.0
868,07 Feb 2022,-13.9,26.3,-1067.0,13720.0,-1157.0,-1376.0
867,08 Feb 2022,7.7,13.1,427.0,13664.0,-1968.0,1115.0
866,09 Feb 2022,49.5,-17.2,1457.0,12955.0,-893.0,1793.0
865,10 Feb 2022,-4.0,-42.2,2276.0,13182.0,-1733.0,2727.0
864,11 Feb 2022,-24.9,49.3,-1053.0,12897.0,109.0,-697.0
863,14 Feb 2022,-2.1,1.6,-253.0,13164.0,-4254.0,2170.0
862,15 Feb 2022,81.0,6.7,1749.0,14629.0,-2299.0,4412.0
861,16 Feb 2022,-0.2,-7.1,555.0,15767.0,-1891.0,1180.0
860,17 Feb 2022,-31.5,-7.1,890.0,17007.0,-1242.0,901.0
859,18 Feb 2022,-11.9,-46.3,729.0,17281.0,-2530.0,1929.0
858,21 Feb 2022,1.7,6.9,-217.0,16972.0,-2262.0,2393.0
857,22 Feb 2022,4.4,29.4,-1368.0,18473.0,-3246.0,4109.0
856,23 Feb 2022,-11.5,30.2,79.0,19266.0,-3417.0,3024.0
855,24 Feb 2022,-30.2,-44.4,-3452.0,14204.0,-6448.0,7668.0
854,25 Feb 2022,23.3,-52.0,3555.0,12904.0,-4471.0,4318.0
853,28 Feb 2022,19.3,23.6,-733.0,14000.0,-3948.0,4143.0
852,02 Mar 2022,-19.8,14.7,-3245.0,16262.0,-4339.0,3062.0
851,03 Mar 2022,30.2,30.3,-712.0,17672.0,-6645.0,4799.0
850,04 Mar 2022,-6.5,-7.5,-550.0,17587.0,-7631.0,4739.0
849,07 Mar 2022,-2.7,33.9,-1762.0,19139.0,-7482.0,5331.0
848,08 Mar 2022,32.7,33.2,-1008.0,20851.0,-8143.0,6490.0
847,09 Mar 2022,26.3,-14.2,678.0,21587.0,-4819.0,3276.0
846,10 Mar 2022,-48.0,-42.7,1570.0,19817.0,-1981.0,946.0
845,11 Mar 2022,5.7,-5.9,428.0,19265.0,-2264.0,1687.0
844,14 Mar 2022,23.2,1.8,569.0,19693.0,-177.0,1099.0
843,15 Mar 2022,-21.2,15.1,-1229.0,19045.0,-1250.0,98.0
842,16 Mar 2022,42.7,1.0,1823.0,17200.0,312.0,773.0
841,17 Mar 2022,15.9,-18.7,4304.0,19797.0,2800.0,-678.0
840,21 Mar 2022,-2.2,58.1,-551.0,19425.0,-2962.0,253.0
839,22 Mar 2022,-14.2,24.6,901.0,20057.0,384.0,-602.0
838,23 Mar 2022,-10.1,2.1,-1146.0,20402.0,481.0,-294.0
837,24 Mar 2022,7.9,2.4,-859.0,20583.0,-1741.0,2091.0
836,25 Mar 2022,-4.8,-1.4,-225.0,20371.0,-1507.0,1373.0
835,28 Mar 2022,27.7,-9.0,1353.0,19297.0,-801.0,1162.0
834,29 Mar 2022,29.0,11.7,680.0,20116.0,35.0,1713.0
833,30 Mar 2022,27.3,-9.9,1083.0,19597.0,1357.0,1216.0
832,31 Mar 2022,-168.0,-172.1,1114.0,12087.0,3089.0,1145.0
831,01 Apr 2022,3.7,-32.9,-278.0,13073.0,1910.0,-184.0
830,04 Apr 2022,27.2,5.8,1442.0,13575.0,1152.0,1675.0
829,05 Apr 2022,-1.9,51.9,-358.0,13807.0,375.0,105.0
828,06 Apr 2022,-19.1,-3.8,-126.0,13506.0,-2280.0,623.0
827,07 Apr 2022,-9.6,37.5,-1999.0,12793.0,-5010.0,1775.0
826,08 Apr 2022,6.8,27.5,163.0,12050.0,-575.0,-17.0
825,11 Apr 2022,-27.5,-5.2,-2166.0,11622.0,-1145.0,487.0
824,12 Apr 2022,-25.4,27.3,-1528.0,11934.0,-3128.0,870.0
823,13 Apr 2022,35.7,6.4,-2005.0,12793.0,-2061.0,1411.0
822,18 Apr 2022,4.5,18.9,-403.0,12441.0,-6387.0,3342.0
821,19 Apr 2022,16.4,3.3,1387.0,11726.0,-5872.0,3981.0
820,20 Apr 2022,9.9,-8.1,122.0,11294.0,-3009.0,2646.0
819,21 Apr 2022,27.0,11.6,60.0,12468.0,-714.0,2823.0
818,22 Apr 2022,-19.1,34.0,-941.0,12196.0,-2462.0,1602.0
817,25 Apr 2022,-23.5,-20.3,-1258.0,14906.0,-3303.0,1870.0
816,26 Apr 2022,43.1,61.3,232.0,15601.0,-1174.0,1644.0
815,27 Apr 2022,53.3,52.9,-3387.0,15520.0,-4065.0,1918.0
814,28 Apr 2022,-115.9,-192.8,704.0,9423.0,743.0,781.0
813,29 Apr 2022,57.4,62.8,441.0,9210.0,-3648.0,3490.0
812,02 May 2022,-58.4,-19.7,-790.0,9850.0,-1853.0,1951.0
811,04 May 2022,-18.6,31.3,-3233.0,12578.0,-3288.0,1338.0
810,05 May 2022,-1.9,-61.1,1054.0,11836.0,-2075.0,2229.0
809,06 May 2022,-0.7,59.9,-2490.0,13780.0,-5517.0,3015.0
808,09 May 2022,30.2,15.7,-687.0,15188.0,-3362.0,3077.0
807,10 May 2022,2.9,20.2,345.0,14361.0,-3961.0,2958.0
806,11 May 2022,39.2,1.5,-966.0,15356.0,-3609.0,4181.0
805,12 May 2022,-56.4,-4.5,-1361.0,15160.0,-5256.0,4816.0
804,13 May 2022,4.8,-20.1,2859.0,13653.0,-3780.0,3170.0
803,16 May 2022,-7.6,-10.1,980.0,14508.0,-1789.0,1428.0
802,17 May 2022,52.2,-32.4,1064.0,13604.0,-2192.0,2294.0
801,18 May 2022,-21.9,32.2,62.0,13651.0,-1255.0,376.0
800,19 May 2022,1.9,13.8,-921.0,14723.0,-4900.0,3226.0
799,20 May 2022,82.2,-20.2,3012.0,14958.0,-1265.0,2149.0
798,23 May 2022,3.0,21.5,-42.0,14357.0,-1951.0,1445.0
797,24 May 2022,23.9,-29.9,-644.0,15048.0,-2393.0,1948.0
796,25 May 2022,-44.2,18.6,1158.0,16660.0,-1803.0,2230.0
795,26 May 2022,-90.0,-146.2,-626.0,12395.0,-1598.0,2906.0
794,27 May 2022,41.5,24.4,873.0,12412.0,-1943.0,2727.0
793,30 May 2022,0.5,4.1,1806.0,12905.0,502.0,1524.0
792,31 May 2022,-16.5,14.1,-1174.0,12733.0,-1004.0,1845.0
791,01 Jun 2022,-25.4,19.2,-1276.0,12765.0,-1930.0,984.0
790,02 Jun 2022,-6.9,-29.9,-1350.0,11750.0,-452.0,131.0
789,03 Jun 2022,3.3,40.8,187.0,10633.0,-3771.0,2361.0
788,06 Jun 2022,-12.0,-18.4,-418.0,11941.0,-2398.0,1940.0
787,07 Jun 2022,-18.3,10.8,-2407.0,12423.0,-2294.0,1311.0
786,08 Jun 2022,-31.6,-27.1,-735.0,12525.0,-2484.0,1904.0
785,09 Jun 2022,53.4,-5.7,-872.0,13018.0,-1513.0,1625.0
784,10 Jun 2022,-12.7,82.0,-1729.0,14069.0,-3974.0,2831.0
783,13 Jun 2022,19.4,-26.6,-1799.0,12980.0,-4164.0,2815.0
782,14 Jun 2022,-15.0,36.1,-342.0,13031.0,-4502.0,3808.0
781,15 Jun 2022,21.0,8.8,12.0,13153.0,-3531.0,2588.0
780,16 Jun 2022,18.1,-7.6,-1529.0,14913.0,-3258.0,1929.0
779,17 Jun 2022,29.3,-2.7,412.0,15109.0,-7819.0,6087.0
778,20 Jun 2022,-35.0,-32.9,-18.0,15613.0,-1217.0,2093.0
777,21 Jun 2022,22.7,4.0,2148.0,16074.0,-2701.0,3066.0
776,22 Jun 2022,33.0,28.5,-761.0,16613.0,-2921.0,1859.0
775,23 Jun 2022,-3.5,-10.4,853.0,17090.0,-2319.0,2438.0
774,24 Jun 2022,-10.3,-1.7,668.0,16956.0,-2354.0,2213.0
773,27 Jun 2022,-2.0,9.8,205.0,15519.0,-1278.0,1184.0
772,28 Jun 2022,15.4,16.0,84.0,16111.0,-1244.0,1206.0
771,29 Jun 2022,27.1,-6.9,-2413.0,15517.0,-851.0,847.0
770,30 Jun 2022,-89.2,-118.6,-1297.0,11908.0,-1138.0,1378.0
769,01 Jul 2022,-12.3,15.2,-543.0,13056.0,-2325.0,1311.0
768,04 Jul 2022,13.7,0.6,-615.0,13466.0,-2150.0,1688.0
767,05 Jul 2022,-23.0,12.8,922.0,13014.0,1296.0,-258.0
766,06 Jul 2022,22.7,-38.5,1738.0,13042.0,-330.0,1464.0
765,07 Jul 2022,-15.1,4.5,1263.0,12171.0,-925.0,981.0
764,08 Jul 2022,16.6,-28.1,743.0,11576.0,-109.0,35.0
763,11 Jul 2022,5.3,28.7,-525.0,12205.0,-171.0,-297.0
762,12 Jul 2022,-50.9,36.1,-2815.0,14107.0,-1566.0,141.0
761,13 Jul 2022,-58.3,9.1,566.0,12798.0,-2840.0,1799.0
760,14 Jul 2022,62.5,-16.4,-602.0,12782.0,309.0,-556.0
759,15 Jul 2022,11.1,32.4,-457.0,13351.0,-1649.0,1059.0
758,18 Jul 2022,63.8,-46.5,1395.0,12108.0,156.0,844.0
757,19 Jul 2022,11.3,-5.3,310.0,12589.0,976.0,-101.0
756,20 Jul 2022,-39.5,-12.3,2823.0,10839.0,1781.0,-230.0
755,21 Jul 2022,18.9,-29.1,2449.0,11430.0,1799.0,-312.0
754,22 Jul 2022,22.6,-9.0,1182.0,11203.0,-675.0,739.0
753,25 Jul 2022,-39.1,53.3,-987.0,11414.0,-845.0,-72.0
752,26 Jul 2022,-1.9,23.5,-924.0,10530.0,-1548.0,999.0
751,27 Jul 2022,55.6,-30.5,1643.0,13603.0,-437.0,712.0
750,28 Jul 2022,-39.7,-99.7,1797.0,10094.0,1638.0,600.0
749,29 Jul 2022,10.5,14.0,806.0,11264.0,1046.0,-1.0
748,01 Aug 2022,12.4,-17.9,2095.0,13809.0,2321.0,-822.0
747,02 Aug 2022,10.3,60.6,-2727.0,12529.0,825.0,118.0
746,03 Aug 2022,-31.9,-12.3,-575.0,12211.0,765.0,-518.0
745,04 Aug 2022,-24.1,-16.2,-830.0,12307.0,1475.0,-47.0
744,05 Aug 2022,-5.3,-19.6,902.0,13091.0,1606.0,-496.0
743,08 Aug 2022,57.6,5.9,138.0,14186.0,1450.0,-141.0
742,10 Aug 2022,-34.8,45.5,-877.0,13508.0,1062.0,-768.0
741,11 Aug 2022,9.9,-48.4,922.0,14132.0,2298.0,-730.0
740,12 Aug 2022,37.0,5.2,921.0,14686.0,3040.0,-839.0
739,16 Aug 2022,-5.9,4.8,225.0,15231.0,1377.0,-136.0
738,17 Aug 2022,19.3,42.8,7.0,16856.0,2347.0,-510.0
737,18 Aug 2022,-31.2,-3.5,-1652.0,16999.0,-1706.0,471.0
736,19 Aug 2022,-66.9,44.1,-1647.0,17689.0,1111.0,-1633.0
735,22 Aug 2022,4.5,27.3,542.0,15742.0,-454.0,-85.0
734,23 Aug 2022,26.1,42.8,-110.0,15936.0,563.0,-215.0
733,24 Aug 2022,32.0,-5.6,-1329.0,14888.0,23.0,-322.0
732,25 Aug 2022,-17.9,-85.9,-2011.0,9624.0,369.0,-334.0
731,26 Aug 2022,20.1,20.7,1020.0,8577.0,-51.0,454.0
730,29 Aug 2022,-10.4,-17.2,-1122.0,9242.0,-561.0,144.0
729,30 Aug 2022,40.9,53.9,1782.0,9216.0,4166.0,-657.0
728,01 Sep 2022,-53.3,-16.8,-4189.0,12117.0,-2290.0,951.0
727,02 Sep 2022,12.6,20.2,-2065.0,12510.0,-9.0,-669.0
726,05 Sep 2022,42.3,-19.2,1112.0,12229.0,-812.0,534.0
725,06 Sep 2022,-21.7,55.0,-1005.0,12350.0,1145.0,633.0
724,07 Sep 2022,-5.6,25.4,-71.0,12671.0,758.0,-139.0
723,08 Sep 2022,-29.6,-105.9,853.0,13259.0,2913.0,-213.0
722,09 Sep 2022,23.7,68.7,-125.0,12692.0,2132.0,-1168.0
721,12 Sep 2022,30.1,-10.0,929.0,12621.0,2050.0,-891.0
720,13 Sep 2022,32.7,-43.8,2936.0,10999.0,1957.0,-1268.0
719,14 Sep 2022,-43.1,56.6,-2030.0,12149.0,-1398.0,188.0
718,15 Sep 2022,-42.6,-18.9,-944.0,12057.0,-1271.0,-929.0
717,16 Sep 2022,22.2,51.3,838.0,12308.0,-3260.0,-37.0
716,19 Sep 2022,-4.6,-35.5,1173.0,11639.0,312.0,-95.0
715,20 Sep 2022,23.3,-0.7,1844.0,10480.0,1196.0,132.0
714,21 Sep 2022,-22.8,51.5,-1092.0,11186.0,-461.0,539.0
713,22 Sep 2022,-32.9,-12.9,-2438.0,13859.0,-2510.0,263.0
712,23 Sep 2022,18.6,54.6,-3373.0,15288.0,-2900.0,299.0
711,26 Sep 2022,33.7,68.0,941.0,14495.0,-5101.0,3532.0
710,27 Sep 2022,37.0,27.4,-990.0,15458.0,-2824.0,3505.0
709,28 Sep 2022,61.0,47.1,104.0,19361.0,-2772.0,2544.0
708,29 Sep 2022,-155.4,-191.2,-1007.0,14391.0,-3599.0,3162.0
707,30 Sep 2022,31.0,-27.5,756.0,14830.0,-1565.0,3245.0
706,03 Oct 2022,-43.6,69.3,-1170.0,15139.0,591.0,-423.0
705,04 Oct 2022,110.6,-37.0,3091.0,13426.0,1345.0,946.0
704,06 Oct 2022,-74.1,-30.0,-175.0,13899.0,279.0,-44.0
703,07 Oct 2022,1.0,2.5,-47.0,14280.0,-2251.0,545.0
702,10 Oct 2022,30.9,72.1,-1316.0,15251.0,-2139.0,2137.0
701,11 Oct 2022,-28.9,15.7,-1015.0,15015.0,-4613.0,2431.0
700,12 Oct 2022,32.5,-17.7,1064.0,15667.0,-542.0,85.0
699,13 Oct 2022,-16.2,10.5,-558.0,15964.0,-1636.0,753.0
698,14 Oct 2022,25.1,-2.5,2022.0,14986.0,-1011.0,1624.0
697,17 Oct 2022,41.0,-25.1,416.0,14902.0,-372.0,1582.0
696,18 Oct 2022,19.3,-25.6,2421.0,13463.0,-153.0,2085.0
695,19 Oct 2022,-15.0,68.8,-141.0,14021.0,-454.0,908.0
694,20 Oct 2022,15.8,16.2,-1785.0,16309.0,1865.0,-887.0
693,21 Oct 2022,56.8,59.8,494.0,17963.0,439.0,-119.0
692,24 Oct 2022,-6.7,-42.0,1709.0,17269.0,-154.0,80.0
691,25 Oct 2022,-20.2,-25.8,53.0,16594.0,-247.0,873.0
690,27 Oct 2022,-62.1,-166.5,4104.0,11802.0,2818.0,-1580.0
689,28 Oct 2022,7.5,29.0,-624.0,12398.0,1569.0,-613.0
688,31 Oct 2022,15.5,-21.7,1553.0,12047.0,4179.0,-1107.0
687,01 Nov 2022,77.6,50.7,949.0,13589.0,2610.0,-730.0
686,02 Nov 2022,-12.4,37.7,-629.0,12372.0,1436.0,-1378.0
685,03 Nov 2022,-49.0,-65.7,-1008.0,14184.0,678.0,-732.0
684,04 Nov 2022,54.1,39.8,-246.0,14747.0,1436.0,-549.0
683,07 Nov 2022,-3.3,-2.2,-108.0,15505.0,1949.0,-844.0
682,09 Nov 2022,-19.1,62.9,405.0,15620.0,387.0,-1060.0
681,10 Nov 2022,-16.3,-66.7,-1520.0,16201.0,36.0,-967.0
680,11 Nov 2022,44.0,-15.0,2982.0,16602.0,3958.0,616.0
679,14 Nov 2022,-49.7,29.6,-696.0,16314.0,1089.0,47.0
678,15 Nov 2022,47.8,-49.6,110.0,17006.0,-221.0,-549.0
677,16 Nov 2022,42.2,7.0,1845.0,54.9,-386.0,1437.0
676,17 Nov 2022,-86.9,27.3,-408.0,51.0,618.0,449.0
675,18 Nov 2022,27.9,31.7,85.0,52.0,-751.0,890.0
674,21 Nov 2022,-27.4,17.8,-761.0,43.4,-1594.0,1263.0
673,22 Nov 2022,41.1,-77.7,1521.0,59.5,-698.0,636.0
672,23 Nov 2022,56.7,81.6,283.0,62.3,-790.0,414.0
671,24 Nov 2022,-104.3,-196.4,3226.0,88.0,1232.0,-236.0
670,25 Nov 2022,0.4,58.1,-1657.0,72.2,369.0,-296.0
669,28 Nov 2022,24.1,-0.7,1414.0,87.3,936.0,88.0
668,29 Nov 2022,-11.7,-28.4,340.0,90.9,1242.0,-744.0
667,30 Nov 2022,68.4,-26.2,1109.0,102.7,9010.0,-4056.0
666,01 Dec 2022,-72.9,54.4,-526.0,96.9,-1566.0,2665.0
665,02 Dec 2022,-72.8,55.4,-3918.0,55.9,215.0,712.0
664,05 Dec 2022,42.9,-10.3,240.0,57.2,-1139.0,2608.0
663,06 Dec 2022,-18.9,47.8,-1533.0,41.8,-635.0,-559.0
662,07 Dec 2022,-22.7,9.2,-1218.0,29.2,-1242.0,389.0
661,08 Dec 2022,73.2,-74.9,770.0,36.4,-1132.0,772.0
660,09 Dec 2022,-62.0,91.0,-980.0,26.5,-158.0,502.0
659,12 Dec 2022,82.9,-27.5,658.0,32.6,-139.0,696.0
658,13 Dec 2022,24.4,-48.5,557.0,38.0,620.0,37.0
657,14 Dec 2022,-66.4,24.9,-636.0,32.4,372.0,926.0
656,15 Dec 2022,-59.1,17.5,-1935.0,12.6,-711.0,261.0
655,16 Dec 2022,12.9,6.9,514.0,17.1,-1975.0,1543.0
654,19 Dec 2022,67.6,-24.2,1156.0,28.6,-538.0,687.0
653,20 Dec 2022,-34.7,36.5,-2986.0,-1.9,456.0,495.0
652,21 Dec 2022,-22.2,47.7,-585.0,-7.4,-1119.0,1757.0
651,22 Dec 2022,45.0,-42.9,-651.0,-13.7,929.0,2207.0
650,23 Dec 2022,12.5,49.7,-551.0,-20.3,-707.0,3399.0
649,26 Dec 2022,-11.3,-101.4,1032.0,-10.3,-498.0,1286.0
648,27 Dec 2022,-11.6,-25.7,43.0,-8.9,-868.0,622.0
647,28 Dec 2022,1.2,-6.4,385.0,-5.4,-873.0,373.0
646,29 Dec 2022,-76.5,-112.9,-14.0,14.6,-573.0,516.0
645,30 Dec 2022,-49.1,89.3,-1310.0,0.9,-2951.0,2266.0
644,02 Jan 2023,0.2,-11.2,-717.0,-6.7,-213.0,743.0
643,03 Jan 2023,87.9,1.8,-666.0,-14.1,-628.0,351.0
642,04 Jan 2023,-88.2,83.7,-2605.0,-41.6,-2621.0,774.0
641,05 Jan 2023,66.9,-48.2,1479.0,-25.1,-1449.0,-194.0
640,06 Jan 2023,17.2,110.1,-72.0,-25.9,-2902.0,1083.0
639,09 Jan 2023,25.3,-20.9,2179.0,-2.4,-203.0,1724.0
638,10 Jan 2023,-39.2,57.8,-2454.0,-28.8,-2109.0,1807.0
637,11 Jan 2023,11.2,-18.7,-102.0,-30.7,-3208.0,2431.0
636,12 Jan 2023,4.0,-61.1,-556.0,-36.5,-1663.0,2128.0
635,13 Jan 2023,26.8,-22.6,1508.0,-20.1,-2422.0,1953.0
634,13 Jan 2023,26.8,-22.6,1508.0,-20.1,-2422.0,1953.0
633,16 Jan 2023,-102.6,67.5,-1165.0,-32.7,-751.0,686.0
632,17 Jan 2023,63.3,-36.0,1488.0,-16.5,211.0,91.0
631,18 Jan 2023,46.9,-110.2,1927.0,3.4,-319.0,1226.0
630,19 Jan 2023,-89.7,80.7,-383.0,-1.1,400.0,-129.0
629,20 Jan 2023,62.5,71.2,1027.0,8.6,-2002.0,1510.0
628,23 Jan 2023,65.4,3.1,859.0,17.8,-220.0,435.0
627,24 Jan 2023,26.4,67.8,475.0,23.5,-761.0,1145.0
626,25 Jan 2023,-86.7,-58.8,-3616.0,-24.1,-2394.0,1378.0
625,27 Jan 2023,-0.7,56.8,-3073.0,-58.6,-5978.0,4252.0
624,30 Jan 2023,52.0,22.3,-1607.0,-75.6,-6793.0,5513.0
623,31 Jan 2023,24.3,-23.3,-1616.0,-93.6,-5440.0,4506.0
622,01 Feb 2023,-96.8,-48.1,797.0,-85.8,1785.0,529.0
621,02 Feb 2023,17.9,28.3,-2464.0,-112.7,-3065.0,2371.0
620,03 Feb 2023,-21.7,-139.9,2344.0,-87.8,-932.0,1265.0
619,06 Feb 2023,-56.7,71.1,-2192.0,-111.4,-1218.0,1203.0
618,07 Feb 2023,111.1,20.0,89.0,-110.7,-2560.0,640.0
617,08 Feb 2023,-44.7,-33.4,1266.0,-96.7,-737.0,941.0
616,09 Feb 2023,22.3,9.7,104.0,-95.1,-145.0,-205.0
615,10 Feb 2023,1.0,1.0,1.0,1.0,1459.0,-291.0
614,13 Feb 2023,44.4,69.0,89.0,-104.5,1322.0,522.0
613,14 Feb 2023,27.0,-143.1,3774.0,-63.7,1305.0,205.0
612,15 Feb 2023,-3.1,18.1,-262.0,-66.3,432.0,517.0
611,16 Feb 2023,-3.1,18.1,-262.0,-66.3,1570.0,1577.0
610,17 Feb 2023,-73.0,68.3,-1079.0,80.7,-624.61,-85.29
609,20 Feb 2023,27.9,24.0,-689.0,-88.6,-159.0,86.0
608,21 Feb 2023,8.4,-40.0,966.0,-78.3,526.0,-235.0
607,22 Feb 2023,7.4,79.3,-2732.0,-108.5,-580.0,372.0
606,23 Feb 2023,-47.3,-100.2,-1246.0,-104.9,-1417.0,1586.0
605,24 Feb 2023,-15.8,-17.8,-260.0,-107.8,-1470.0,1401.0
604,27 Feb 2023,83.4,12.1,-683.0,-116.2,-2023.0,2232.0
603,28 Feb 2023,2.4,17.0,-1358.0,-131.8,-4559.0,4610.0
602,01 Mar 2023,28.7,-6.4,638.0,-125.6,-425.0,1499.0
601,02 Mar 2023,-68.5,-0.2,-532.0,-131.2,12771.0,2129.0
600,03 Mar 2023,67.8,-121.5,3938.0,-89.0,246.0,2090.0
599,06 Mar 2023,-27.1,30.4,1447.0,-72.5,721.0,757.0
598,08 Mar 2023,37.3,18.8,-577.0,-78.7,3672.0,-938.0
597,09 Mar 2023,-117.7,34.9,-2253.0,-103.1,-562.0,42.0
596,10 Mar 2023,-8.4,35.4,-1603.0,-120.9,-2061.0,1350.0
595,13 Mar 2023,60.2,29.2,-620.0,-128.4,-1547.0,1419.0
594,14 Mar 2023,42.6,79.0,-1480.0,-144.6,-3087.0,2122.0
593,15 Mar 2023,-59.4,-67.2,82.0,-143.8,-1271.0,1824.0
592,16 Mar 2023,59.7,85.9,-1815.0,-163.5,-282.0,2051.0
591,17 Mar 2023,41.9,-93.3,-692.0,-171.7,-1767.0,1817.0
590,20 Mar 2023,-98.1,14.7,-1996.0,-194.6,-2546.0,2877.0
589,21 Mar 2023,74.5,-64.3,-129.0,-195.5,-1455.0,1946.0
588,22 Mar 2023,-91.2,-46.6,-101.0,-196.4,62.0,384.0
587,23 Mar 2023,42.6,73.1,1015.0,-185.2,-995.0,1669.0
586,24 Mar 2023,-7.6,38.3,214.0,-183.2,-1720.0,2556.0
585,27 Mar 2023,132.4,30.0,3249.0,-146.3,-891.0,1809.0
584,28 Mar 2023,-12.6,-38.8,-931.0,-156.4,1531.0,-156.0
583,29 Mar 2023,-104.6,-100.8,2027.0,-138.7,1245.0,823.0
582,31 Mar 2023,-70.2,-99.6,267.0,-135.1,358.0,2480.0
581,03 Apr 2023,21.7,52.8,-512.0,-140.6,322.0,-328.0
580,05 Apr 2023,102.9,7.5,2789.0,-109.3,807.0,-947.0
579,06 Apr 2023,-96.8,34.8,291.0,-106.3,476.0,-997.0
578,10 Apr 2023,32.3,-11.1,1849.0,-85.1,883.0,352.0
577,11 Apr 2023,42.7,-89.6,2193.0,-60.7,343.0,-264.0
576,12 Apr 2023,-20.4,10.2,1674.0,-42.0,1908.0,-225.0
575,13 Apr 2023,51.7,88.5,1250.0,-28.7,222.0,-274.0
574,17 Apr 2023,17.1,11.7,-747.0,-36.1,-533.0,270.0
573,18 Apr 2023,-39.5,-2.6,72.0,0.4,-811.0,402.0
572,19 Apr 2023,9.8,-23.8,-292.0,-38.7,-13.0,-110.0
571,20 Apr 2023,91.8,45.3,476.0,-33.8,-1169.0,833.0
570,21 Apr 2023,-56.6,14.0,105.0,-31.5,-2117.0,1633.0
569,24 Apr 2023,-13.8,-91.9,1113.0,-19.3,-412.0,1177.0
568,25 Apr 2023,-33.0,21.6,527.0,-13.4,-407.0,564.0
567,26 Apr 2023,48.9,-2.4,54.0,-12.8,1257.0,-228.0
566,27 Apr 2023,-34.2,-67.7,-305.0,-20.0,1653.0,97.0
565,28 Apr 2023,0.6,-6.8,184.0,-18.3,3304.0,264.0
564,02 May 2023,-34.2,33.6,1983.0,3.5,1997.0,-394.0
563,03 May 2023,48.5,39.1,-1452.0,-12.5,1338.0,-584.0
562,04 May 2023,-48.1,-54.2,415.0,-8.1,1415.0,442.0
561,05 May 2023,49.3,142.7,-804.0,-15.8,778.0,-2199.0
560,08 May 2023,-51.7,-156.5,1307.0,-2.5,2124.0,245.0
559,09 May 2023,-29.7,20.7,-516.0,-7.7,1942.0,405.0
558,10 May 2023,55.5,-6.9,321.0,-4.2,1833.0,-790.0
557,11 May 2023,35.7,31.2,-669.0,-11.0,837.0,-200.0
556,12 May 2023,21.1,-34.0,-245.0,-14.4,1014.0,-922.0
555,15 May 2023,25.2,4.2,1290.0,-0.4,1685.0,191.0
554,16 May 2023,-90.6,-10.3,-347.0,-4.3,1407.0,-886.0
553,17 May 2023,-65.4,43.4,-530.0,-10.5,149.0,-204.0
552,18 May 2023,-65.4,43.4,-530.0,-10.5,970.0,-849.0
551,19 May 2023,-28.3,-26.6,-565.0,-9.9,-113.0,1071.0
550,22 May 2023,-7.0,-23.1,39.0,-8.3,923.0,605.0
549,23 May 2023,6.8,-1.3,820.0,0.2,183.0,397.0
548,24 May 2023,-34.9,31.5,-458.0,-4.2,1186.0,301.0
547,25 May 2023,-24.2,-111.8,-988.0,18.8,589.0,338.0
546,26 May 2023,92.2,21.8,1185.0,31.9,350.0,1841.0
545,29 May 2023,-87.2,-38.3,-162.0,29.6,1758.0,854.0
544,30 May 2023,38.5,-29.0,241.0,32.4,2086.0,-439.0
543,31 May 2023,3.9,153.7,-2027.0,10.6,3406.0,-2529.0
542,01 Jun 2023,-56.0,-16.9,-2183.0,-12.1,-71.0,489.0
541,02 Jun 2023,105.6,37.5,476.0,-7.1,-659.0,582.0
540,05 Jun 2023,20.1,-25.6,746.0,0.4,-701.0,1196.0
539,06 Jun 2023,-67.6,-23.6,-920.0,-10.1,386.0,-489.0
538,07 Jun 2023,38.3,-51.3,806.0,-1.5,1383.0,392.0
537,08 Jun 2023,-59.9,42.5,-442.0,-4.5,212.0,-405.0
536,09 Jun 2023,-37.5,112.3,-618.0,-6.5,-309.0,1246.0
535,12 Jun 2023,72.5,-62.4,969.0,-2.1,-627.0,1794.0
534,13 Jun 2023,24.9,-36.5,615.0,4.3,1678.0,-203.0
533,14 Jun 2023,-3.5,-4.8,758.0,12.5,1715.0,-655.0
532,15 Jun 2023,-93.2,13.2,-746.0,5.8,3086.0,-298.0
531,16 Jun 2023,64.3,-47.6,1181.0,18.4,795.0,681.0
530,19 Jun 2023,-40.2,42.3,-1325.0,4.2,-1031.0,-365.0
529,20 Jun 2023,-44.2,-95.3,370.0,7.0,-1943.0,1973.0
528,21 Jun 2023,-15.2,-47.5,212.0,9.0,4013.0,550.0
527,22 Jun 2023,73.5,138.3,325.0,12.2,-693.0,219.0
526,23 Jun 2023,16.6,89.8,-248.0,9.4,-345.0,-684.0
525,26 Jun 2023,-37.5,-75.5,263.0,11.4,-409.0,250.0
524,27 Jun 2023,-37.5,-75.5,263.0,11.4,2029.0,-1991.0
523,28 Jun 2023,-69.7,-163.3,-848.0,56.1,12350.0,-1021.0
522,30 Jun 2023,11.8,-23.2,1540.0,72.4,6397.0,1198.0
521,03 Jul 2023,18.8,41.9,434.0,77.4,1996.0,-338.0
520,04 Jul 2023,11.3,48.2,1173.0,89.8,2134.0,-785.0
519,05 Jul 2023,-81.9,-50.3,463.0,94.4,1603.0,-439.0
518,06 Jul 2023,-2.6,-2.6,15.9,780.0,2641.0,-2352.0
517,07 Jul 2023,162.1,156.5,-975.0,91.6,790.0,-2964.0
516,10 Jul 2023,-219.5,-43.0,321.0,94.6,588.0,288.0
515,11 Jul 2023,82.9,-16.5,153.0,94.6,1197.0,-7.0
514,12 Jul 2023,-31.7,27.7,75.0,96.0,-1242.0,437.0
513,13 Jul 2023,73.5,-26.3,-907.0,86.5,2238.0,-1197.0
512,14 Jul 2023,-70.1,-97.3,252.0,88.6,2636.0,-772.0
511,17 Jul 2023,58.1,-12.7,218.0,91.1,73.0,64.0
510,18 Jul 2023,-23.0,51.9,501.0,96.7,2116.0,-1318.0
509,19 Jul 2023,37.1,-29.0,-460.0,93.2,1165.0,-2135.0
508,20 Jul 2023,4.5,-40.5,996.0,11.1,3371.0,-193.0
507,21 Jul 2023,19745.0,-19.0,129.6,-1415.0,-1999.0,1291.0
506,24 Jul 2023,19672.35,-108.0,-19.0,316.0,-83.0,935.0
505,25 Jul 2023,19680.6,110.0,132.9,-1060.0,1089.0,-334.0
504,26 Jul 2023,19778.3,-44.5,-96.8,381.0,923.0,470.0
503,27 Jul 2023,19659.9,-63.8,-111.3,-3090.0,-3979.0,2528.0
502,28 Jul 2023,19646.05,139.2,224.7,-1802.0,-1024.0,1634.0
501,31 Jul 2023,19753.8,-9.6,-87.1,-731.0,-701.0,2488.0
500,01 Aug 2023,19733.55,-35.9,-21.5,-45.0,-93.0,1036.0
499,02 Aug 2023,19526.55,32.0,93.7,-860.0,-1878.0,-2.0
498,03 Aug 2023,19381.65,-49.2,-47.7,-3442.0,-317.0,1729.0
497,04 Aug 2023,19517.0,7.8,-3.3,1105.0,-556.0,367.0
496,07 Aug 2023,19597.3,69.0,-27.7,636.0,-1893.0,1081.0
495,08 Aug 2023,19570.85,25.8,72.2,424.0,-711.0,537.0
494,09 Aug 2023,19632.55,-37.1,-60.8,-323.0,644.0,-598.0
493,10 Aug 2023,19543.1,-151.6,-72.9,-1162.0,331.0,704.0
492,11 Aug 2023,19428.3,36.4,18.3,-100.0,-3073.0,500.0
491,14 Aug 2023,19428.3,36.4,18.3,-100.0,-2324.0,1461.0
490,16 Aug 2023,19465.0,47.0,221.0,-41.2,723.0,2406.0
489,17 Aug 2023,19365.25,-24.1,-216.0,-41.8,-1511.0,-314.0
488,18 Aug 2023,19310.15,-61.6,1071.0,-30.3,-267.0,339.0
487,21 Aug 2023,19393.6,-33.3,212.0,-27.5,-1901.0,626.0
486,22 Aug 2023,19393.6,-33.3,212.0,-27.5,-495.0,533.0
485,23 Aug 2023,19393.6,-33.3,212.0,-27.5,615.0,125.0
484,24 Aug 2023,19393.6,-33.3,212.0,-27.5,1524.0,5796.0
483,25 Aug 2023,19393.6,-33.3,212.0,-27.5,-4638.0,1415.0
482,28 Aug 2023,19393.6,-33.3,212.0,-27.5,-1393.0,1264.0
481,29 Aug 2023,19393.6,-33.3,212.0,-27.5,65.0,305.0
480,30 Aug 2023,19393.6,-33.3,212.0,-27.5,-494.0,1324.0
479,31 Aug 2023,-76.8,-2490.0,1.7,25.8,-2973.0,4383.0
478,01 Sep 2023,-45.4,99.0,3.2,1.5,488.0,2295.0
477,04 Sep 2023,-15.0,150.0,5.6,2.4,-3368.0,2563.0
476,15 Sep 2023,-70.0,280.0,62.0,3.2,164.0,1939.0
475,18 Sep 2023,77.7,-331.0,59.0,-3.0,-1237.0,553.0
474,20 Sep 2023,-96.4,-2182.0,33.9,-25.1,-3111.0,-573.0
473,21 Sep 2023,116.3,-880.0,22.6,-11.3,-3007.0,1158.0
472,22 Sep 2023,-40.7,-1124.0,12.1,-10.5,-1327.0,801.0
471,25 Sep 2023,-16.3,-1466.0,-3.5,-15.6,-2333.0,1579.0
470,26 Sep 2023,2.8,-359.0,-7.0,-3.5,-693.0,715.0
469,27 Sep 2023,-22.3,-1189.0,-20.8,-13.8,-354.0,386.0
468,28 Sep 2023,34.7,-3893.0,-57.3,-36.4,-3364.0,2711.0
467,29 Sep 2023,-124.1,-701.0,-65.3,-8.0,-1686.0,2751.0
466,03 Oct 2023,344.9,-1839.0,-85.9,-20.6,-2034.0,1361.0
465,04 Oct 2023,-33.2,-560.0,-92.2,-6.3,-4424.0,1769.0
464,05 Oct 2023,-113.0,524.0,-88.3,3.9,-1864.0,521.0
463,06 Oct 2023,-17.2,404.0,-84.4,3.9,-90.0,783.0
462,09 Oct 2023,-15.4,-290.0,-87.8,-3.5,-998.0,2661.0
461,10 Oct 2023,-206.3,303.0,-85.7,2.1,-1005.0,1963.0
460,11 Oct 2023,167.2,1120.0,-73.8,11.9,-422.0,1032.0
459,12 Oct 2023,-46.2,253.0,-70.6,3.1,-1863.0,1532.0
458,13 Oct 2023,9.5,-784.0,-81.1,-10.4,317.0,-103.0
457,16 Oct 2023,-20.7,28.0,-78.8,2.3,-594.0,1184.0
456,17 Oct 2023,269.5,465.0,-72.3,6.5,264.0,113.0
455,18 Oct 2023,-139.1,-385.0,-80.2,-7.9,-1832.0,1470.0
454,19 Oct 2023,26.3,-392.0,-82.9,-2.7,-1093.0,736.0
453,20 Oct 2023,74.5,-636.0,-89.5,-6.6,456.0,9.0
452,23 Oct 2023,-115.4,-328.0,-90.5,-1.0,252.0,1112.0
451,25 Oct 2023,202.8,-152.0,-92.3,-1.8,-4237.0,3569.0
450,26 Oct 2023,-127.6,-3405.0,-152.1,-59.7,-7703.0,6558.0
449,27 Oct 2023,-73.6,-111.0,-152.8,-0.7,-1500.0,314.0
448,30 Oct 2023,-106.7,-298.0,-157.8,-5.1,-1762.0,1328.0
447,31 Oct 2023,142.2,68.0,-157.3,0.5,-696.0,340.0
446,01 Nov 2023,162.6,-362.0,-162.2,-4.8,-1817.0,1622.0
445,02 Nov 2023,-131.2,-901.0,-175.7,-13.5,-1261.0,1380.0
444,03 Nov 2023,-49.9,1022.0,-162.7,13.0,-12.0,403.0
443,06 Nov 2023,19411.75,1258.0,-147.4,15.3,-549.0,596.0
442,07 Nov 2023,19406.7,125.0,-146.4,1.0,-497.0,700.0
441,08 Nov 2023,19443.5,-308.0,-151.4,-5.1,-85.0,524.0
440,09 Nov 2023,19395.3,-15.0,-151.9,-0.4,-1712.0,1512.0
439,10 Nov 2023,19425.35,-378.0,-156.8,-5.0,-262.0,823.0
438,12 Nov 2023,19525.55,21.0,-156.5,0.3,-190.0,95.0
437,13 Nov 2023,19443.55,616.0,-147.4,9.1,-1244.0,830.0
436,15 Nov 2023,19675.45,347.0,-143.2,4.2,550.0,610.0
435,16 Nov 2023,19765.2,1574.0,-127.1,16.1,957.0,706.0
434,17 Nov 2023,19731.8,-638.0,-136.4,-9.3,-478.0,-565.0
433,20 Nov 2023,19694.0,27.0,-136.1,0.3,-646.0,78.0
432,21 Nov 2023,19783.4,668.0,-130.1,6.0,-456.0,722.0
431,22 Nov 2023,19811.85,369.0,-126.7,3.4,-307.0,721.0
430,23 Nov 2023,19802.0,-554.0,-132.0,-5.3,256.0,457.0
429,24 Nov 2023,19794.7,-2.0,-130.0,2.0,2625.0,134.0
428,28 Nov 2023,19889.7,31.0,-129.0,1.1,784.0,1325.0
427,29 Nov 2023,20096.6,1334.0,-115.9,13.1,72.0,2361.0
426,30 Nov 2023,20133.15,170.0,-56.9,59.0,8148.0,-780.0
425,01 Dec 2023,20267.9,703.0,-47.2,9.8,1590.0,1448.0
424,04 Dec 2023,20686.8,1988.0,-25.4,21.8,2073.0,4797.0
423,05 Dec 2023,20855.1,1938.0,-3.7,21.6,5224.0,-1399.0
422,06 Dec 2023,20937.7,2041.0,23.0,26.7,-80.0,1372.0
421,07 Dec 2023,20901.15,598.0,31.5,8.6,-1564.0,-10.0
420,08 Dec 2023,20969.4,360.0,36.1,4.5,3632.0,-434.0
419,11 Dec 2023,20997.1,-234.0,33.2,-2.9,1261.0,-1033.0
418,12 Dec 2023,20906.4,1379.0,50.2,17.0,77.0,1923.0
417,13 Dec 2023,20926.35,-861.0,38.7,-11.5,4711.0,-958.0
416,14 Dec 2023,21182.7,-340.0,35.4,-3.3,3570.0,553.0
415,15 Dec 2023,21456.65,1451.0,50.2,14.8,9239.0,-3077.0
414,18 Dec 2023,21418.65,16.0,51.4,1.2,-34.0,414.0
413,19 Dec 2023,21453.1,1284.0,65.4,14.0,-602.0,294.0
412,20 Dec 2023,21453.1,1284.0,65.4,14.0,-1322.0,4754.0
411,21 Dec 2023,21255.0,212.0,4333.0,89782.0,-1636.0,1465.0
410,22 Dec 2023,21349.0,-225.0,-4824.0,84690.0,-2829.0,2167.0
409,26 Dec 2023,21441.0,-777.0,-8236.0,77576.0,-95.0,167.0
408,27 Dec 2023,10654.0,7728.0,2926.0,9137.0,2926.0,-192.0
407,28 Dec 2023,13490.0,9131.0,4359.0,18258.0,4359.0,137.0
406,29 Dec 2023,9504.0,8044.0,1459.0,10908.0,1459.0,554.0
405,01 Jan 2024,9504.0,8044.0,1459.0,10908.0,-856.0,410.0
404,02 Jan 2024,9504.0,8044.0,1459.0,10908.0,1602.0,-1959.0
403,03 Jan 2024,9504.0,8044.0,1459.0,10908.0,-619.0,-863.0
402,04 Jan 2024,9504.0,8044.0,1459.0,10908.0,1513.0,-1387.0
401,05 Jan 2024,9504.0,8044.0,1459.0,10908.0,1697.0,-3498.0
400,08 Jan 2024,9504.0,8044.0,1459.0,10908.0,16.0,156.0
399,09 Jan 2024,9504.0,8044.0,1459.0,10908.0,-991.0,104.0
398,10 Jan 2024,9504.0,8044.0,1459.0,10908.0,-1721.0,2080.0
397,11 Jan 2024,9504.0,8044.0,1459.0,10908.0,-865.0,1607.0
396,12 Jan 2024,9504.0,8044.0,1459.0,10908.0,-340.0,2911.0
395,15 Jan 2024,9504.0,8044.0,1459.0,10908.0,1086.0,-821.0
394,16 Jan 2024,9504.0,8044.0,1459.0,10908.0,657.0,-369.0
393,17 Jan 2024,9504.0,8044.0,1459.0,10908.0,-10578.0,4006.0
392,18 Jan 2024,9504.0,8044.0,1459.0,10908.0,-9902.0,5977.0
391,19 Jan 2024,9504.0,8044.0,1459.0,10908.0,-3689.0,2638.0
390,20 Jan 2024,9504.0,8044.0,1459.0,10908.0,-546.0,-719.0
389,23 Jan 2024,9504.0,8044.0,1459.0,10908.0,-3115.0,214.0
388,24 Jan 2024,9504.0,8044.0,1459.0,10908.0,-6935.0,6013.0
387,25 Jan 2024,9504.0,8044.0,1459.0,10908.0,-2144.0,3475.0
386,29 Jan 2024,9504.0,8044.0,1459.0,10908.0,110.0,3221.0
385,30 Jan 2024,9504.0,8044.0,1459.0,10908.0,-1970.0,1002.0
384,31 Jan 2024,9504.0,8044.0,1459.0,10908.0,1661.0,2543.0
383,1 Feb 2024,9504.0,8044.0,1459.0,10908.0,-1879.0,872.0
382,2 Feb 2024,9504.0,8044.0,1459.0,10908.0,71.0,2463.0
381,5 Feb 2024,9504.0,8044.0,1459.0,10908.0,519.0,-1189.0
380,6 Feb 2024,9504.0,8044.0,1459.0,10908.0,93.0,1096.0
379,7 Feb 2024,9504.0,8044.0,1459.0,10908.0,-1691.0,328.0
378,8 Feb 2024,9504.0,8044.0,1459.0,10908.0,-4933.0,5512.0
377,9 Feb 2024,9504.0,8044.0,1459.0,10908.0,142.0,-422.0
376,12 Feb 2024,9504.0,8044.0,1459.0,10908.0,127.0,1712.0
375,13 Feb 2024,9504.0,8044.0,1459.0,10908.0,376.0,274.0
374,14 Feb 2024,9504.0,8044.0,1459.0,10908.0,-3930.0,2898.0
373,15 Feb 2024,9504.0,8044.0,1459.0,10908.0,-3064.0,2277.0
372,16 Feb 2024,9504.0,8044.0,1459.0,10908.0,253.0,1571.0
371,19 Feb 2024,9504.0,8044.0,1459.0,10908.0,-755.0,453.0
370,20 Feb 2024,9504.0,8044.0,1459.0,10908.0,-1336.0,1491.0
369,21 Feb 2024,9504.0,8044.0,1459.0,10908.0,285.0,-412.0
368,22 Feb 2024,9504.0,8044.0,1459.0,10908.0,-1410.0,1826.0
367,23 Feb 2024,9504.0,8044.0,1459.0,10908.0,1276.0,177.0
366,26 Feb 2024,9504.0,8044.0,1459.0,10908.0,-285.0,-5.0
365,27 Feb 2024,9504.0,8044.0,1459.0,10908.0,-1509.0,2862.0
364,28 Feb 2024,9504.0,8044.0,1459.0,10908.0,-1879.0,1827.0
363,29 Feb 2024,9504.0,8044.0,1459.0,10908.0,3568.0,-230.0
362,01 Mar 2024,9504.0,8044.0,1459.0,10908.0,129.0,3815.0
361,02 Mar 2024,9504.0,8044.0,1459.0,10908.0,-82.0,-45.0
360,04 Mar 2024,9504.0,8044.0,1459.0,10908.0,-564.0,3543.0
359,05 Mar 2024,9504.0,8044.0,1459.0,10908.0,574.0,1835.0
358,06 Mar 2024,9504.0,8044.0,1459.0,10908.0,2767.0,2150.0
357,07 Mar 2024,-1535.0,822.0,12546.0,-33795.0,7304.0,2602.0
356,11 Mar 2024,-54856.0,-173.0,-1180.0,-34975.0,4213.0,3238.0
355,12 Mar 2024,-23917.0,442.0,4654.0,-30321.0,73.0,2358.0
354,13 Mar 2024,78424.0,-1382.0,-13499.0,-43820.0,-4595.0,9094.0
353,14 Mar 2024,54368.0,-711.0,-7171.0,-50991.0,-1356.0,139.0
352,15 Mar 2024,-70755.0,-633.0,-6399.0,-57390.0,849.0,-682.0
351,18 Mar 2024,-55885.0,-179.0,-3925.0,-61315.0,-2051.0,2261.0
350,19 Mar 2024,-54665.0,-2143.0,-24044.0,-85359.0,1421.0,7449.0
349,20 Mar 2024,1.13,-928.0,-9865.0,-95224.0,-2599.0,2668.0
348,21 Mar 2024,23775.0,443.0,5875.0,-89349.0,-1827.0,3209.0
347,22 Mar 2024,-50366.0,1433.0,16970.0,-72379.0,-3310.0,3765.0
346,26 Mar 2024,-50366.0,1433.0,16970.0,-72379.0,10.0,5024.0
345,27 Mar 2024,-50366.0,1433.0,16970.0,-72379.0,2170.0,1198.0
344,28 Mar 2024,-50366.0,1433.0,16970.0,-72379.0,188.0,2692.0
343,01 Apr 2024,-50366.0,1433.0,16970.0,-72379.0,-522.0,1208.0
342,02 Apr 2024,-50366.0,1433.0,16970.0,-72379.0,-1623.0,1953.0
341,03 Apr 2024,-50366.0,1433.0,16970.0,-72379.0,-2213.0,1102.0
340,04 Apr 2024,-50366.0,1433.0,16970.0,-72379.0,-1136.0,-893.0
339,05 Apr 2024,-50366.0,1433.0,16970.0,-72379.0,1659.0,-3370.0
338,08 Apr 2024,-50366.0,1433.0,16970.0,-72379.0,-685.0,3471.0
337,09 Apr 2024,-50366.0,1433.0,16970.0,-72379.0,-593.0,2257.0
336,10 Apr 2024,-50366.0,1433.0,16970.0,-72379.0,2778.0,163.0
335,12 Apr 2024,-50366.0,1433.0,16970.0,-72379.0,-8027.0,6341.0
334,15 Apr 2024,-50366.0,1433.0,16970.0,-72379.0,-3268.0,4763.0
333,16 Apr 2024,-50366.0,1433.0,16970.0,-72379.0,-4468.0,2040.0
332,18 Apr 2024,-50366.0,1433.0,16970.0,-72379.0,-4260.0,2286.0
331,19 Apr 2024,-50366.0,1433.0,16970.0,-72379.0,129.0,-53.0
330,22 Apr 2024,-50366.0,1433.0,16970.0,-72379.0,-2915.0,3543.0
329,23 Apr 2024,-50366.0,1433.0,16970.0,-72379.0,-3045.0,2919.0
328,24 Apr 2024,-50366.0,1433.0,16970.0,-72379.0,-2512.0,3810.0
327,25 Apr 2024,-50366.0,1433.0,16970.0,-72379.0,-2823.0,6168.0
326,26 Apr 2024,-50366.0,1433.0,16970.0,-72379.0,-3404.0,4357.0
325,29 Apr 2024,-50366.0,1433.0,16970.0,-72379.0,169.0,692.0
324,30 Apr 2024,-50366.0,1433.0,16970.0,-72379.0,1072.0,1430.0
323,02 May 2024,-50366.0,1433.0,16970.0,-72379.0,-964.0,1352.0
322,03 May 2024,-50366.0,1433.0,16970.0,-72379.0,-2392.0,690.55
321,06 May 2024,-50366.0,1433.0,16970.0,-72379.0,-2169.0,781.0
320,07 May 2024,-50366.0,1433.0,16970.0,-72379.0,-3669.0,2305.0
319,08 May 2024,-50366.0,1433.0,16970.0,-72379.0,-6669.0,5929.0
318,09 May 2024,-50366.0,1433.0,16970.0,-72379.0,-6995.0,5643.0
317,10 May 2024,-50366.0,1433.0,16970.0,-72379.0,-2117.0,2710.0
316,13 May 2024,-50366.0,1433.0,16970.0,-72379.0,-4499.0,3563.0
315,14 May 2024,-50366.0,1433.0,16970.0,-72379.0,-4066.0,3258.0
314,15 May 2024,-50366.0,1433.0,16970.0,-72379.0,-2833.0,3788.0
313,16 May 2024,-50366.0,1433.0,16970.0,-72379.0,-776.0,2128.0
312,17 May 2024,-50366.0,1433.0,16970.0,-72379.0,1617.0,1556.0
311,21 May 2024,-50366.0,1433.0,16970.0,-72379.0,-1875.0,3549.0
310,22 May 2024,-50366.0,1433.0,16970.0,-72379.0,-686.0,962.0
309,23 May 2024,-50366.0,1433.0,16970.0,-72379.0,4671.0,147.0
308,24 May 2024,-50366.0,1433.0,16970.0,-72379.0,-945.0,2320.0
307,27 May 2024,-50366.0,1433.0,16970.0,-72379.0,-541.22,922.6
306,28 May 2024,-50366.0,1433.0,16970.0,-72379.0,65.57,3231.5
305,29 May 2024,-50366.0,1433.0,16970.0,-72379.0,-5842.0,5234.0
304,30 May 2024,-50366.0,1433.0,16970.0,-72379.0,-3050.0,3433.0
303,31 May 2024,-50366.0,1433.0,16970.0,-72379.0,1613.0,2144.0
302,03 Jun 2024,-50366.0,1433.0,16970.0,-72379.0,6851.0,1914.0
301,04 Jun 2024,-50366.0,1433.0,16970.0,-72379.0,-12436.0,-3319.0
300,05 Jun 2024,-50366.0,1433.0,16970.0,-72379.0,-5656.0,4555.0
299,06 Jun 2024,-50366.0,1433.0,16970.0,-72379.0,-6868.0,3718.0
298,07 Jun 2024,-50366.0,1433.0,16970.0,-72379.0,4931.0,-1289.0
297,10 Jun 2024,-50366.0,1433.0,16970.0,-72379.0,2572.0,2764.0
296,11 Jun 2024,-50366.0,1433.0,16970.0,-72379.0,-111.0,3193.0
295,12 Jun 2024,-50366.0,1433.0,16970.0,-72379.0,427.0,234.0
294,13 Jun 2024,-50366.0,1433.0,16970.0,-72379.0,-3033.0,-554.0
293,14 Jun 2024,-50366.0,1433.0,16970.0,-72379.0,2176.0,656.0
292,18 Jun 2024,-50366.0,1433.0,16970.0,-72379.0,2569.0,1556.0
291,19 Jun 2024,-50366.0,1433.0,16970.0,-72379.0,7908.0,7108.0
290,20 Jun 2024,-50366.0,1433.0,16970.0,-72379.0,415.0,-326.0
289,21 Jun 2024,-50366.0,1433.0,16970.0,-72379.0,-1790.0,1237.0
288,24 Jun 2024,-50366.0,1433.0,16970.0,-72379.0,-654.0,-820.0
287,25 Jun 2024,-50366.0,1433.0,16970.0,-72379.0,1176.0,-149.0
286,26 Jun 2024,-50366.0,1433.0,16970.0,-72379.0,-3535.0,5104.0
285,27 Jun 2024,-50366.0,1433.0,16970.0,-72379.0,7658.0,-3605.0
284,28 Jun 2024,-50366.0,1433.0,16970.0,-72379.0,-23.0,6658.0
283,01 Jul 2024,-50366.0,1433.0,16970.0,-72379.0,-426.0,3917.0
282,02 Jul 2024,-50366.0,1433.0,16970.0,-72379.0,-2000.0,648.0
281,03 Jul 2024,-50366.0,1433.0,16970.0,-72379.0,5484.0,-924.0
280,04 Jul 2024,-50366.0,1433.0,16970.0,-72379.0,2756.0,-2375.0
279,05 Jul 2024,-50366.0,1433.0,16970.0,-72379.0,1241.0,-1651.0
278,08 Jul 2024,-50366.0,1433.0,16970.0,-72379.0,61.0,2867.0
277,09 Jul 2024,-50366.0,1433.0,16970.0,-72379.0,314.0,1416.0
276,10 Jul 2024,-50366.0,1433.0,16970.0,-72379.0,584.0,1082.0
275,11 Jul 2024,-50366.0,1433.0,16970.0,-72379.0,-1137.0,1676.0
274,12 Jul 2024,-50366.0,1433.0,16970.0,-72379.0,4022.0,-1651.0
273,15 Jul 2024,-50366.0,1433.0,16970.0,-72379.0,2685.0,-331.0
272,16 Jul 2024,-50366.0,1433.0,16970.0,-72379.0,1271.0,-529.0
271,18 Jul 2024,-50366.0,1433.0,16970.0,-72379.0,5484.0,-2904.0
270,19 Jul 2024,-50366.0,1433.0,16970.0,-72379.0,1506.0,-462.0
269,22 Jul 2024,-50366.0,1433.0,16970.0,-72379.0,3444.0,-1652.0
268,23 Jul 2024,-50366.0,1433.0,16970.0,-72379.0,-2975.0,1419.0
267,24 Jul 2024,-50366.0,1433.0,16970.0,-72379.0,-5131.0,3137.0
266,25 Jul 2024,-50366.0,1433.0,16970.0,-72379.0,-2605.0,2432.0
265,26 Jul 2024,-50366.0,1433.0,16970.0,-72379.0,2546.0,2774.0
264,29 Jul 2024,-50366.0,1433.0,16970.0,-72379.0,-2475.0,5666.0
263,30 Jul 2024,-50366.0,1433.0,16970.0,-72379.0,-5599.0,5565.0
262,31 Jul 2024,-50366.0,1433.0,16970.0,-72379.0,-3462.0,3367.0
261,01 Aug 2024,-50366.0,1433.0,16970.0,-72379.0,2089.0,-377.0
260,02 Aug 2024,-50366.0,1433.0,16970.0,-72379.0,-3310.0,2965.0
259,05 Aug 2024,-50366.0,1433.0,16970.0,-72379.0,-10074.0,9156.0
258,06 Aug 2024,-50366.0,1433.0,16970.0,-72379.0,-3531.0,2966.0
257,07 Aug 2024,-50366.0,1433.0,16970.0,-72379.0,-3315.0,3801.0
256,08 Aug 2024,-50366.0,1433.0,16970.0,-72379.0,-2627.0,577.0
255,09 Aug 2024,-50366.0,1433.0,16970.0,-72379.0,407.0,3980.0
254,12 Aug 2024,-50366.0,1433.0,16970.0,-72379.0,-4680.0,4478.0
253,13 Aug 2024,-50366.0,1433.0,16970.0,-72379.0,-2107.0,1240.0
252,14 Aug 2024,-50366.0,1433.0,16970.0,-72379.0,-2595.0,2236.0
251,16 Aug 2024,-50366.0,1433.0,16970.0,-72379.0,766.5,2606.0
250,19 Aug 2024,-50366.0,1433.0,16970.0,-72379.0,-2667.0,1803.0
249,20 Aug 2024,-50366.0,1433.0,16970.0,-72379.0,-1458.0,2252.0
248,21 Aug 2024,-50366.0,1433.0,16970.0,-72379.0,-800.0,3097.0
247,22 Aug 2024,-50366.0,1433.0,16970.0,-72379.0,1372.0,2972.0
246,23 Aug 2024,-50366.0,1433.0,16970.0,-72379.0,1944.0,2896.0
245,26 Aug 2024,-50366.0,1433.0,16970.0,-72379.0,483.0,1870.0
244,27 Aug 2024,-50366.0,1433.0,16970.0,-72379.0,1504.0,-604.0
243,28 Aug 2024,-50366.0,1433.0,16970.0,-72379.0,-1348.0,439.0
242,29 Aug 2024,-50366.0,1433.0,16970.0,-72379.0,3260.0,2691.0
241,30 Aug 2024,-50366.0,1433.0,16970.0,-72379.0,5318.0,-3198.0
240,02 Sep 2024,-50366.0,1433.0,16970.0,-72379.0,1735.0,356.0
239,03 Sep 2024,-50366.0,1433.0,16970.0,-72379.0,1029.0,1896.0
238,04 Sep 2024,-50366.0,1433.0,16970.0,-72379.0,975.0,97.0
237,05 Sep 2024,-50366.0,1433.0,16970.0,-72379.0,-689.0,2971.0
236,06 Sep 2024,-50366.0,1433.0,16970.0,-72379.0,-621.0,2122.0
235,09 Sep 2024,-50366.0,1433.0,16970.0,-72379.0,1177.0,1757.0
234,10 Sep 2024,-50366.0,1433.0,16970.0,-72379.0,2208.0,-257.0
233,11 Sep 2024,-50366.0,1433.0,16970.0,-72379.0,1755.0,231.0
232,12 Sep 2024,-50366.0,1433.0,16970.0,-72379.0,7695.0,-1801.0
231,13 Sep 2024,-50366.0,1433.0,16970.0,-72379.0,2365.0,2532.0
230,16 Sep 2024,-50366.0,1433.0,16970.0,-72379.0,-1635.0,754.0
229,17 Sep 2024,-50366.0,1433.0,16970.0,-72379.0,483.0,874.0
228,18 Sep 2024,-50366.0,1433.0,16970.0,-72379.0,1154.0,152.0
227,19 Sep 2024,-50366.0,1433.0,16970.0,-72379.0,-2548.0,2013.0
226,20 Sep 2024,-50366.0,1433.0,16970.0,-72379.0,14064.0,-4427.0
225,23 Sep 2024,-50366.0,1433.0,16970.0,-72379.0,404.0,1023.0
224,24 Sep 2024,-50366.0,1433.0,16970.0,-72379.0,-2784.0,3868.0
223,25 Sep 2024,-50366.0,1433.0,16970.0,-72379.0,-974.0,1779.0
222,26 Sep 2024,-50366.0,1433.0,16970.0,-72379.0,630.0,2405.0
221,27 Sep 2024,-50366.0,1433.0,16970.0,-72379.0,-1207.0,6887.0
220,30 Sep 2024,-50366.0,1433.0,16970.0,-72379.0,-9792.0,6646.0
219,01 Oct 2024,-50366.0,1433.0,16970.0,-72379.0,-5579.0,4610.0
218,03 Oct 2024,-50366.0,1433.0,16970.0,-72379.0,-15243.0,12914.0
217,04 Oct 2024,-50366.0,1433.0,16970.0,-72379.0,-9897.0,8905.0
216,07 Oct 2024,-50366.0,1433.0,16970.0,-72379.0,-8293.0,13245.0
215,08 Oct 2024,-50366.0,1433.0,16970.0,-72379.0,-5730.0,7001.0
214,09 Oct 2024,-50366.0,1433.0,16970.0,-72379.0,-4563.0,3509.0
213,10 Oct 2024,-50366.0,1433.0,16970.0,-72379.0,-4927.0,3878.0
212,11 Oct 2024,-50366.0,1433.0,16970.0,-72379.0,-4163.0,3731.0
211,14 Oct 2024,-50366.0,1433.0,16970.0,-72379.0,-3732.0,2278.0
210,15 Oct 2024,-50366.0,1433.0,16970.0,-72379.0,-1749.0,1655.0
209,16 Oct 2024,-50366.0,1433.0,16970.0,-72379.0,-3436.0,2256.0
208,17 Oct 2024,-50366.0,1433.0,16970.0,-72379.0,-7421.0,4980.0
207,18 Oct 2024,-50366.0,1433.0,16970.0,-72379.0,-5486.0,5215.0
206,21 Oct 2024,-50366.0,1433.0,16970.0,-72379.0,-2262.0,3226.0
205,22 Oct 2024,-50366.0,1433.0,16970.0,-72379.0,-3979.0,5869.0
204,23 Oct 2024,-50366.0,1433.0,16970.0,-72379.0,-5685.0,6040.0
203,24 Oct 2024,-50366.0,1433.0,16970.0,-72379.0,-5062.0,3620.0
202,25 Oct 2024,-50366.0,1433.0,16970.0,-72379.0,-3037.0,4159.0
201,28 Oct 2024,-50366.0,1433.0,16970.0,-72379.0,-3228.0,1401.0
200,29 Oct 2024,-50366.0,1433.0,16970.0,-72379.0,-549.0,730.0
199,30 Oct 2024,-50366.0,1433.0,16970.0,-72379.0,-4614.0,4518.0
198,31 Oct 2024,-50366.0,1433.0,16970.0,-72379.0,-5813.0,3514.0
197,01 Nov 2024,-50366.0,1433.0,16970.0,-72379.0,-212.0,-377.0
196,04 Nov 2024,-50366.0,1433.0,16970.0,-72379.0,-4330.0,2936.0
195,05 Nov 2024,-50366.0,1433.0,16970.0,-72379.0,-2569.0,3031.0
194,06 Nov 2024,-50366.0,1433.0,16970.0,-72379.0,-4446.0,4889.0
193,07 Nov 2024,-50366.0,1433.0,16970.0,-72379.0,-4889.0,1787.0
192,08 Nov 2024,-50366.0,1433.0,16970.0,-72379.0,-3404.0,1748.0
191,11 Nov 2024,-50366.0,1433.0,16970.0,-72379.0,-2307.0,2027.0
190,12 Nov 2024,-50366.0,1433.0,16970.0,-72379.0,-3024.0,1854.0
189,13 Nov 2024,-50366.0,1433.0,16970.0,-72379.0,-2503.0,6145.0
188,14 Nov 2024,-50366.0,1433.0,16970.0,-72379.0,-1850.0,2482.0
187,18 Nov 2024,-50366.0,1433.0,16970.0,-72379.0,-1403.0,2331.0
186,19 Nov 2024,-50366.0,1433.0,16970.0,-72379.0,-3412.0,2784.0
185,23 Nov 2024,-50366.0,1433.0,16970.0,-72379.0,-1278.0,1722.0
184,25 Nov 2024,-50366.0,1433.0,16970.0,-72379.0,9947.0,-6908.0
183,26 Nov 2024,-50366.0,1433.0,16970.0,-72379.0,1158.0,-1911.0
182,27 Nov 2024,-50366.0,1433.0,16970.0,-72379.0,8.0,1302.0
181,28 Nov 2024,-50366.0,1433.0,16970.0,-72379.0,-11756.0,8718.0
180,29 Nov 2024,-50366.0,1433.0,16970.0,-72379.0,-4384.0,5723.0
179,02 Dec 2024,-50366.0,1433.0,16970.0,-72379.0,-238.0,3589.0
178,03 Dec 2024,-50366.0,1433.0,16970.0,-72379.0,3665.0,-251.0
177,04 Dec 2024,-50366.0,1433.0,16970.0,-72379.0,1798.0,-901.0
176,05 Dec 2024,-50366.0,1433.0,16970.0,-72379.0,8540.0,-2304.0
175,06 Dec 2024,-50366.0,1433.0,16970.0,-72379.0,-1830.0,1659.0
174,09 Dec 2024,-50366.0,1433.0,16970.0,-72379.0,724.0,-1654.0
173,10 Dec 2024,-50366.0,1433.0,16970.0,-72379.0,1286.0,606.0
172,11 Dec 2024,-50366.0,1433.0,16970.0,-72379.0,-1012.0,2008.0
171,12 Dec 2024,-50366.0,1433.0,16970.0,-72379.0,-3560.0,2647.0
170,13 Dec 2024,-50366.0,1433.0,16970.0,-72379.0,2335.0,-732.0
169,16 Dec 2024,-50366.0,1433.0,16970.0,-72379.0,-279.0,-234.0
168,17 Dec 2024,-50366.0,1433.0,16970.0,-72379.0,-6410.0,2706.0
167,18 Dec 2024,-50366.0,1433.0,16970.0,-72379.0,-1317.0,4084.0
166,19 Dec 2024,-50366.0,1433.0,16970.0,-72379.0,-4225.0,3934.0
165,20 Dec 2024,-50366.0,1433.0,16970.0,-72379.0,-3598.0,1374.0
164,23 Dec 2024,-50366.0,1433.0,16970.0,-72379.0,-169.0,2228.0
163,24 Dec 2024,-50366.0,1433.0,16970.0,-72379.0,-2454.0,2819.0
162,26 Dec 2024,-50366.0,1433.0,16970.0,-72379.0,-2376.0,3336.0
161,27 Dec 2024,-50366.0,1433.0,16970.0,-72379.0,-1323.0,2544.0
160,30 Dec 2024,-50366.0,1433.0,16970.0,-72379.0,-1893.0,2174.0
159,02 Jan 2025,-50366.0,1433.0,16970.0,-72379.0,1507.0,22.0
158,03 Jan 2025,-50366.0,1433.0,16970.0,-72379.0,-4227.0,821.0
157,06 Jan 2025,-50366.0,1433.0,16970.0,-72379.0,-2575.0,5750.0
156,07 Jan 2025,-50366.0,1433.0,16970.0,-72379.0,-1491.0,1615.0
155,08 Jan 2025,-50366.0,1433.0,16970.0,-72379.0,-3362.0,2716.0
154,09 Jan 2025,-50366.0,1433.0,16970.0,-72379.0,-7176.0,7640.0
153,10 Jan 2025,-50366.0,1433.0,16970.0,-72379.0,-2255.0,3962.0
152,13 Jan 2025,-50366.0,1433.0,16970.0,-72379.0,-4893.0,8066.0
151,14 Jan 2025,-50366.0,1433.0,16970.0,-72379.0,-8132.0,7901.0
150,15 Jan 2025,-50366.0,1433.0,16970.0,-72379.0,-4533.0,3683.0
149,16 Jan 2025,-50366.0,1433.0,16970.0,-72379.0,-4342.0,2929.0
148,17 Jan 2025,-50366.0,1433.0,16970.0,-72379.0,-3318.0,2573.0
147,20 Jan 2025,-50366.0,1433.0,16970.0,-72379.0,-4337.0,4322.0
146,21 Jan 2025,-50366.0,1433.0,16970.0,-72379.0,-5920.0,3500.0
145,22 Jan 2025,-50366.0,1433.0,16970.0,-72379.0,-4026.0,3640.0
144,23 Jan 2025,-50366.0,1433.0,16970.0,-72379.0,-5463.0,3713.0
143,24 Jan 2025,-50366.0,1433.0,16970.0,-72379.0,-2758.0,2402.0
142,27 Jan 2025,-50366.0,1433.0,16970.0,-72379.0,-5015.0,6642.0
141,28 Jan 2025,-50366.0,1433.0,16970.0,-72379.0,-4920.0,6814.0
140,29 Jan 2025,-50366.0,1433.0,16970.0,-72379.0,-2586.0,1793.0
139,30 Jan 2025,-50366.0,1433.0,16970.0,-72379.0,-4583.0,2166.0
138,31 Jan 2025,-50366.0,1433.0,16970.0,-72379.0,-1189.0,2232.0
137,01 Feb 2025,-50366.0,1433.0,16970.0,-72379.0,-1327.0,824.0
136,02 Feb 2025,-50366.0,1433.0,16970.0,-72379.0,-3958.0,2708.0
135,03 Feb 2025,-50366.0,1433.0,16970.0,-72379.0,-3958.0,2708.0
134,04 Feb 2025,-50366.0,1433.0,16970.0,-72379.0,809.0,-431.0
133,05 Feb 2025,-50366.0,1433.0,16970.0,-72379.0,-1683.0,996.0
132,06 Feb 2025,-50366.0,1433.0,16970.0,-72379.0,-3550.0,2722.0
131,07 Feb 2025,-50366.0,1433.0,16970.0,-72379.0,-470.0,454.0
130,10 Feb 2025,-50366.0,1433.0,16970.0,-72379.0,-2464.0,1516.0
129,11 Feb 2025,-50366.0,1433.0,16970.0,-72379.0,-4486.0,4002.0
128,12 Feb 2025,-50366.0,1433.0,16970.0,-72379.0,-4969.0,5929.0
127,13 Feb 2025,-50366.0,1433.0,16970.0,-72379.0,-2790.0,2935.0
126,14 Feb 2025,-50366.0,1433.0,16970.0,-72379.0,-4295.0,4364.0
125,17 Feb 2025,-50366.0,1433.0,16970.0,-72379.0,-3938.0,4760.0
124,18 Feb 2025,-50366.0,1433.0,16970.0,-72379.0,4787.0,3072.0
123,19 Feb 2025,-50366.0,1433.0,16970.0,-72379.0,-1881.0,1958.0
122,20 Feb 2025,-50366.0,1433.0,16970.0,-72379.0,-3312.0,3908.0
121,21 Feb 2025,-50366.0,1433.0,16970.0,-72379.0,-3449.0,2885.0
120,24 Feb 2025,-50366.0,1433.0,16970.0,-72379.0,-6287.0,5186.0
119,25 Feb 2025,-50366.0,1433.0,16970.0,-72379.0,-3529.0,3039.0
118,27 Feb 2025,-50366.0,1433.0,16970.0,-72379.0,-557.0,1727.0
117,28 Feb 2025,-50366.0,1433.0,16970.0,-72379.0,-11639.0,12308.0
116,03 Mar 2025,-50366.0,1433.0,16970.0,-72379.0,-4788.0,8791.0
115,04 Mar 2025,-50366.0,1433.0,16970.0,-72379.0,-3406.0,4851.0
114,05 Mar 2025,-50366.0,1433.0,16970.0,-72379.0,-2895.0,3371.0
113,06 Mar 2025,-50366.0,1433.0,16970.0,-72379.0,-2377.0,1618.0
112,07 Mar 2025,-50366.0,1433.0,16970.0,-72379.0,-2035.0,2320.0
111,10 Mar 2025,-50366.0,1433.0,16970.0,-72379.0,-485.0,264.0
110,11 Mar 2025,-50366.0,1433.0,16970.0,-72379.0,-2824.0,2002.0
109,12 Mar 2025,-50366.0,1433.0,16970.0,-72379.0,-1628.0,1510.0
108,13 Mar 2025,-50366.0,1433.0,16970.0,-72379.0,-793.0,1724.0
107,17 Mar 2025,-50366.0,1433.0,16970.0,-72379.0,-4488.0,6001.0
106,18 Mar 2025,-50366.0,1433.0,16970.0,-72379.0,1463.0,2028.0
105,19 Mar 2025,-50366.0,1433.0,16970.0,-72379.0,-1097.0,2141.0
104,20 Mar 2025,-50366.0,1433.0,16970.0,-72379.0,3239.0,-3136.0
103,21 Mar 2025,-50366.0,1433.0,16970.0,-72379.0,7470.0,-3202.0
102,24 Mar 2025,-50366.0,1433.0,16970.0,-72379.0,3056.0,99.0
101,25 Mar 2025,-50366.0,1433.0,16970.0,-72379.0,5372.0,-2769.0
100,26 Mar 2025,-50366.0,1433.0,16970.0,-72379.0,2241.0,-696.0
99,27 Mar 2025,-50366.0,1433.0,16970.0,-72379.0,11111.0,2518.0
98,28 Mar 2025,-50366.0,1433.0,16970.0,-72379.0,-4353.0,7646.0
97,01 Apr 2025,-50366.0,1433.0,16970.0,-72379.0,-5902.0,4323.0
96,02 Apr 2025,-50366.0,1433.0,16970.0,-72379.0,-1539.0,2809.0
95,03 Apr 2025,-50366.0,1433.0,16970.0,-72379.0,-2806.0,221.0
94,04 Apr 2025,-50366.0,1433.0,16970.0,-72379.0,-3484.0,1720.0
93,07 Apr 2025,-50366.0,1433.0,16970.0,-72379.0,-9040.0,12122.0
92,08 Apr 2025,-50366.0,1433.0,16970.0,-72379.0,-4994.0,3097.0
91,09 Apr 2025,-50366.0,1433.0,16970.0,-72379.0,-4358.0,2977.0
90,11 Apr 2025,-50366.0,1433.0,16970.0,-72379.0,-2513.0,3759.0
89,15 Apr 2025,-50366.0,1433.0,16970.0,-72379.0,6066.0,-1952.0
88,16 Apr 2025,-50366.0,1433.0,16970.0,-72379.0,3936.0,-2513.0
87,17 Apr 2025,-50366.0,1433.0,16970.0,-72379.0,4668.0,-2006.0
86,21 Apr 2025,-50366.0,1433.0,16970.0,-72379.0,1970.0,247.0
85,22 Apr 2025,-50366.0,1433.0,16970.0,-72379.0,1290.0,-866.0
84,23 Apr 2025,-50366.0,1433.0,16970.0,-72379.0,3333.0,-1234.0
83,24 Apr 2025,-50366.0,1433.0,16970.0,-72379.0,8251.0,-535.0
82,25 Apr 2025,-50366.0,1433.0,16970.0,-72379.0,2952.0,2540.0
81,28 Apr 2025,-50366.0,1433.0,16970.0,-72379.0,2474.0,2818.0
80,29 Apr 2025,-50366.0,1433.0,16970.0,-72379.0,2386.0,1369.0
79,30 Apr 2025,-50366.0,1433.0,16970.0,-72379.0,51.0,1792.0
78,02 May 2025,-50366.0,1433.0,16970.0,-72379.0,2770.0,3970.0
77,05 May 2025,-50366.0,1433.0,16970.0,-72379.0,498.0,2789.0
76,06 May 2025,-50366.0,1433.0,16970.0,-72379.0,3795.0,-1398.0
75,07 May 2025,-50366.0,1433.0,16970.0,-72379.0,2586.0,2378.0
74,08 May 2025,-50366.0,1433.0,16970.0,-72379.0,2008.0,-596.0
73,09 May 2025,-50366.0,1433.0,16970.0,-72379.0,-3799.0,7278.0
72,12 May 2025,-50366.0,1433.0,16970.0,-72379.0,1246.0,1448.0
71,13 May 2025,-50366.0,1433.0,16970.0,-72379.0,-477.0,4274.0
70,14 May 2025,-50366.0,1433.0,16970.0,-72379.0,932.0,316.0
69,15 May 2025,-50366.0,1433.0,16970.0,-72379.0,5393.0,-1668.0
68,16 May 2025,-50366.0,1433.0,16970.0,-72379.0,8831.0,5187.0
67,19 May 2025,-50366.0,1433.0,16970.0,-72379.0,-526.0,-238.0
66,20 May 2025,-50366.0,1433.0,16970.0,-72379.0,-10016.0,6738.0
65,21 May 2025,-50366.0,1433.0,16970.0,-72379.0,2202.0,684.0
64,22 May 2025,-50366.0,1433.0,16970.0,-72379.0,-5045.0,3715.0
63,23 May 2025,-50366.0,1433.0,16970.0,-72379.0,1795.0,300.0
62,26 May 2025,-50366.0,1433.0,16970.0,-72379.0,136.0,1746.0
61,27 May 2025,-50366.0,1433.0,16970.0,-72379.0,348.0,10105.0
60,28 May 2025,-50366.0,1433.0,16970.0,-72379.0,4663.0,7912.0
59,29 May 2025,-50366.0,1433.0,16970.0,-72379.0,884.0,4287.0
58,30 May 2025,-50366.0,1433.0,16970.0,-72379.0,-6450.0,9096.0
57,02 Jun 2025,-50366.0,1433.0,16970.0,-72379.0,-2589.0,5314.0
56,03 Jun 2025,-50366.0,1433.0,16970.0,-72379.0,-2854.0,5908.0
55,04 Jun 2025,-50366.0,1433.0,16970.0,-72379.0,1076.0,2567.0
54,05 Jun 2025,-50366.0,1433.0,16970.0,-72379.0,-208.0,2382.0
53,06 Jun 2025,-50366.0,1433.0,16970.0,-72379.0,1010.0,9342.0
52,09 Jun 2025,-50366.0,1433.0,16970.0,-72379.0,1993.0,3504.0
51,10 Jun 2025,-50366.0,1433.0,16970.0,-72379.0,2302.0,1113.0
50,11 Jun 2025,-50366.0,1433.0,16970.0,-72379.0,-446.0,1585.0
49,12 Jun 2025,-50366.0,1433.0,16970.0,-72379.0,-3831.0,9394.0
48,13 Jun 2025,-50366.0,1433.0,16970.0,-72379.0,-1263.0,3041.0
47,16 Jun 2025,-50366.0,1433.0,16970.0,-72379.0,-2539.0,5781.0
46,17 Jun 2025,-50366.0,1433.0,16970.0,-72379.0,1483.0,8207.0
45,18 Jun 2025,-50366.0,1433.0,16970.0,-72379.0,891.0,1091.0
44,19 Jun 2025,-50366.0,1433.0,16970.0,-72379.0,935.0,606.0
43,20 Jun 2025,-50366.0,1433.0,16970.0,-72379.0,7941.0,-3050.0
42,23 Jun 2025,-50366.0,1433.0,16970.0,-72379.0,-1874.0,5592.0
41,24 Jun 2025,-50366.0,1433.0,16970.0,-72379.0,-5266.0,5210.0
40,25 Jun 2025,-50366.0,1433.0,16970.0,-72379.0,-2428.0,2373.0
39,26 Jun 2025,-50366.0,1433.0,16970.0,-72379.0,12594.0,-195.0
38,27 Jun 2025,-50366.0,1433.0,16970.0,-72379.0,1397.0,-589.0
37,30 Jun 2025,-50366.0,1433.0,16970.0,-72379.0,-832.0,3497.0
36,01 Jul 2025,-50366.0,1433.0,16970.0,-72379.0,-1970.0,771.0
35,02 Jul 2025,-50366.0,1433.0,16970.0,-72379.0,-1562.0,3037.0
34,03 Jul 2025,-50366.0,1433.0,16970.0,-72379.0,-1481.0,1333.0
33,04 Jul 2025,-50366.0,1433.0,16970.0,-72379.0,-760.0,-1029.0
32,07 Jul 2025,-50366.0,1433.0,16970.0,-72379.0,321.0,1853.0
31,08 Jul 2025,-50366.0,1433.0,16970.0,-72379.0,-26.0,1367.0
30,09 Jul 2025,-50366.0,1433.0,16970.0,-72379.0,77.0,921.0
29,10 Jul 2025,-50366.0,1433.0,16970.0,-72379.0,221.0,591.0
28,11 Jul 2025,-50366.0,1433.0,16970.0,-72379.0,-5104.0,3559.0
27,14 Jul 2025,-50366.0,1433.0,16970.0,-72379.0,-1614.0,1788.0
26,15 Jul 2025,-50366.0,1433.0,16970.0,-72379.0,120.0,1555.0
25,16 Jul 2025,-50366.0,1433.0,16970.0,-72379.0,-1858.0,1224.0
24,17 Jul 2025,-50366.0,1433.0,16970.0,-72379.0,-3694.0,2821.0
23,18 Jul 2025,-50366.0,1433.0,16970.0,-72379.0,375.0,2105.0
22,21 Jul 2025,-50366.0,1433.0,16970.0,-72379.0,-1681.0,3578.0
21,22 Jul 2025,-50366.0,1433.0,16970.0,-72379.0,-3549.0,5240.0
20,23 Jul 2025,-50366.0,1433.0,16970.0,-72379.0,-4209.0,4359.0
19,24 Jul 2025,-50366.0,1433.0,16970.0,-72379.0,-2134.0,2617.0
18,25 Jul 2025,-50366.0,1433.0,16970.0,-72379.0,-1980.0,2139.0
17,28 Jul 2025,-50366.0,1433.0,16970.0,-72379.0,-6082.0,6765.0
16,29 Jul 2025,-50366.0,1433.0,16970.0,-72379.0,-4637.0,6147.0
15,30 Jul 2025,-50366.0,1433.0,16970.0,-72379.0,-850.0,1829.0
14,31 Jul 2025,-50366.0,1433.0,16970.0,-72379.0,-5589.0,6373.0
13,01 Aug 2025,-50366.0,1433.0,16970.0,-72379.0,-3366.0,3187.0
12,04 Aug 2025,-50366.0,1433.0,16970.0,-72379.0,-2567.0,4386.0
11,05 Aug 2025,-50366.0,1433.0,16970.0,-72379.0,-22.0,3840.0
10,07 Aug 2025,-50366.0,1433.0,16970.0,-72379.0,-4997.0,10860.0
9,08 Aug 2025,-50366.0,1433.0,16970.0,-72379.0,1993.0,7724.0
8,11 Aug 2025,-50366.0,1433.0,16970.0,-72379.0,-1203.0,5972.0
7,12 Aug 2025,-50366.0,1433.0,16970.0,-72379.0,-3399.0,3508.0
6,13 Aug 2025,-50366.0,1433.0,16970.0,-72379.0,-3644.0,5624.0
5,14 Aug 2025,-50366.0,1433.0,16970.0,-72379.0,-1927.0,3896.0
4,18 Aug 2025,-50366.0,1433.0,16970.0,-72379.0,551.0,4104.0
3,19 Aug 2025,-50366.0,1433.0,16970.0,-72379.0,-634.0,2261.0
2,20 Aug 2025,-50366.0,1433.0,16970.0,-72379.0,-1100.0,1806.0
1,21 Aug 2025,-50366.0,1433.0,16970.0,-72379.0,-1247.0,2546.0
0,22 Aug 2025,-50366.0,1433.0,16970.0,-72379.0,-1623.0,-329.0
