Date,FIICash,DIIcash
2020-09-21,-540.0,-518.0
2020-09-22,-2073.0,879.0
2020-09-23,-3912.0,1629.0
2020-09-24,-1886.0,189.0
2020-09-25,-2080.0,2071.0
2020-09-28,-27.0,542.0
2020-09-29,-1457.0,577.0
2020-09-30,-712.0,409.0
2020-10-01,1632.0,259.0
2020-10-05,237.0,-472.0
2020-10-06,1102.0,-935.0
2020-10-07,1094.0,-1129.0
2020-10-08,978.0,20.0
2020-10-09,-39.0,127.0
2020-10-12,615.0,-1029.0
2020-10-13,832.0,-1674.0
2020-10-14,822.0,-1276.0
2020-10-15,-604.0,-808.0
2020-10-16,-480.0,-430.0
2020-10-19,1657.0,-1622.0
2020-10-20,1585.0,-1633.0
2020-10-21,2108.0,-1634.0
2020-10-22,1118.0,-2020.0
2020-10-23,907.0,-892.0
2020-10-26,-119.0,-979.0
2020-10-27,3515.0,-1571.0
2020-10-28,-1131.0,1.0
2020-10-29,-421.0,-253.0
2020-10-30,-871.0,631.0
2020-11-02,741.0,-534.0
2020-11-03,2274.0,-1101.0
2020-11-04,146.0,-8.0
2020-11-05,5368.0,-2208.0
2020-11-06,4870.0,-2939.0
2020-11-09,4548.0,-3036.0
2020-11-10,5627.0,-2309.0
2020-11-11,6207.0,-3464.0
2020-11-12,1514.0,-2239.0
2020-11-13,1936.0,-2462.0
2020-11-14,-79.0,-20.0
2020-11-17,4905.0,-3829.0
2020-11-18,3072.0,-2790.0
2020-11-19,1181.0,-2855.0
2020-11-20,3861.0,-2869.0
2020-11-23,4738.0,-2944.0
2020-11-24,4563.0,-2522.0
2020-11-25,24.0,-1840.0
2020-11-26,2027.0,-3400.0
2020-11-27,7713.0,-4969.0
2020-12-01,3242.0,-1043.0
2020-12-02,357.0,-1636.0
2020-12-03,3637.0,-1440.0
2020-12-04,2970.0,-1972.0
2020-12-07,3792.0,-2767.0
2020-12-08,2910.0,-2641.0
2020-12-09,3564.0,-2493.0
2020-12-10,2260.0,-2275.0
2020-12-11,4195.0,-2359.0
2020-12-14,2264.0,-1721.0
2020-12-15,2484.0,-2667.0
2020-12-16,1982.0,-1718.0
2020-12-17,2355.0,-2494.0
2020-12-18,2721.0,-2425.0
2020-12-21,-324.0,486.0
2020-12-22,1153.0,-662.0
2020-12-23,536.0,-1327.0
2020-12-24,1226.0,-1898.0
2020-12-28,1589.0,-1387.0
2020-12-29,2350.0,-2011.0
2020-12-30,1825.0,-587.0
2020-12-31,1136.0,-258.0
2021-01-01,506.0,69.0
2021-01-04,1843.0,-715.0
2021-01-05,986.0,-490.0
2021-01-06,-484.0,-380.0
2021-01-07,382.0,-990.0
2021-01-08,6030.0,-2373.0
2021-01-11,3139.0,-2610.0
2021-01-12,571.0,-1335.0
2021-01-13,1879.0,-2370.0
2021-01-14,1077.0,-188.0
2021-01-15,971.0,-942.0
2021-01-18,651.0,-43.0
2021-01-19,258.0,-199.0
2021-01-20,2289.0,-865.0
2021-01-21,1615.0,-1039.0
2021-01-22,-636.0,-1290.0
2021-01-25,-765.0,-388.0
2021-01-27,-1688.0,-3.0
2021-01-28,-3713.0,1737.0
2021-01-29,-5931.0,2443.0
2021-02-01,1494.0,-90.0
2021-02-02,6182.0,-2035.0
2021-02-03,2521.0,-400.0
2021-02-04,1937.0,-769.0
2021-02-05,1462.0,-1419.0
2021-02-08,1877.0,-505.0
2021-02-09,1301.0,-1756.0
2021-02-10,1787.0,-2076.0
2021-02-11,944.0,-708.0
2021-02-12,-37.0,-598.0
2021-02-15,1234.0,-1049.0
2021-02-16,1144.0,-1560.0
2021-02-17,1008.0,-1283.0
2021-02-18,903.0,-1217.0
2021-02-19,119.0,-1175.0
2021-02-22,-893.0,-920.0
2021-02-23,-1569.0,217.0
2021-02-24,28739.0,230.0
2021-02-25,188.0,-747.0
2021-02-26,-8295.0,1500.0
2021-03-01,125.0,-195.0
2021-03-02,2053.0,-854.0
2021-03-03,2089.0,393.0
2021-03-04,-223.0,-788.0
2021-03-05,-2014.0,-1191.0
2021-03-08,-1494.0,484.0
2021-03-09,2802.0,1250.0
2021-03-10,-16.0,448.0
2021-03-12,-943.0,-164.0
2021-03-15,-1101.0,-750.0
2021-03-16,1692.0,-1169.0
2021-03-17,2626.0,-562.0
2021-03-18,1258.0,-1116.0
2021-03-19,1418.0,560.0
2021-03-22,-787.0,543.0
2021-03-23,-108.0,-530.0
2021-03-24,-1952.0,613.0
2021-03-25,-3384.0,2268.0
2021-03-26,-50.0,1703.0
2021-03-30,769.0,2181.0
2021-03-31,-1686.0,2082.0
2021-04-01,149.0,-297.0
2021-04-05,-932.0,75.0
2021-04-06,-1093.0,417.0
2021-04-07,227.0,381.0
2021-04-08,111.0,553.0
2021-04-09,-654.0,-271.0
2021-04-12,-1746.0,233.0
2021-04-13,-731.0,244.0
2021-04-15,980.0,-527.0
2021-04-16,438.0,658.0
2021-04-19,-1634.0,2356.0
2021-04-20,-1082.0,1323.0
2021-04-22,-910.0,850.0
2021-04-23,-1361.0,1696.0
2021-04-26,-1112.0,1023.0
2021-04-27,-1455.0,1463.0
2021-04-28,766.0,436.0
2021-04-29,809.0,-942.0
2021-04-30,-3465.0,1419.0
2021-05-03,-2289.0,553.0
2021-05-04,-1772.0,987.0
2021-05-05,-1111.0,-241.0
2021-05-06,1223.0,-633.0
2021-05-07,-1143.0,1468.0
2021-05-10,584.0,-476.0
2021-05-11,-336.0,-677.0
2021-05-12,-1261.0,-704.0
2021-05-14,-2608.0,613.0
2021-05-17,-2256.0,1948.0
2021-05-18,618.0,450.0
2021-05-19,-698.0,-853.0
2021-05-20,71.0,-876.0
2021-05-21,510.0,649.0
2021-05-24,585.0,-708.0
2021-05-25,960.0,-564.0
2021-05-26,242.0,-439.0
2021-05-27,-661.0,112.0
2021-05-28,914.0,1275.0
2021-05-31,2412.0,180.0
2021-06-01,-450.0,230.0
2021-06-02,921.0,242.0
2021-06-03,1079.0,-279.0
2021-06-04,1499.0,-1175.0
2021-06-07,-186.0,984.0
2021-06-08,1423.0,-1627.0
2021-06-09,-846.0,-272.0
2021-06-10,1330.0,-575.0
2021-06-11,19.0,666.0
2021-06-14,-504.0,544.0
2021-06-15,634.0,-649.0
2021-06-16,-870.0,-874.0
2021-06-17,-880.0,45.0
2021-06-18,2681.0,446.0
2021-06-21,-1245.0,138.0
2021-06-22,-1028.0,302.0
2021-06-23,3157.0,1317.0
2021-06-24,-2891.0,1139.0
2021-06-25,-679.0,1833.0
2021-06-28,-1659.0,1277.0
2021-06-29,117.0,1810.0
2021-06-30,-1647.0,1520.0
2021-07-01,-1245.0,881.0
2021-07-02,-983.0,930.0
2021-07-05,-338.0,646.0
2021-07-06,-543.0,521.0
2021-07-07,533.0,-232.0
2021-07-08,-555.0,-949.0
2021-07-09,-1125.0,107.0
2021-07-12,-746.0,447.0
2021-07-13,114.0,344.0
2021-07-14,-1304.0,1336.0
2021-07-15,-265.0,439.0
2021-07-16,-466.0,666.0
2021-07-19,-2199.0,1048.0
2021-07-20,-2835.0,873.0
2021-07-22,-248.0,943.0
2021-07-23,-163.0,2188.0
2021-07-26,-2377.0,1551.0
2021-07-27,-1459.0,730.0
2021-07-28,-2275.0,921.0
2021-07-29,-866.0,2046.0
2021-07-30,-3848.0,2957.0
2021-08-02,-1540.0,1506.0
2021-08-03,2117.0,-299.0
2021-08-04,2829.0,-411.0
2021-08-05,-720.0,732.0
2021-08-06,-69.0,-631.0
2021-08-09,212.0,-716.0
2021-08-10,-179.0,689.0
2021-08-11,238.0,206.0
2021-08-12,-212.0,308.0
2021-08-13,820.0,150.0
2021-08-16,-1088.0,506.0
2021-08-17,-344.0,266.0
2021-08-18,-595.0,-729.0
2021-08-20,-2287.0,119.0
2021-08-23,-1363.0,1453.0
2021-08-24,-1645.0,2380.0
2021-08-25,-1072.0,-151.0
2021-08-26,-1974.0,1055.0
2021-08-27,-779.0,1646.0
2021-08-30,1203.0,689.0
2021-08-31,3881.0,-1872.0
2021-09-01,667.0,-1288.0
2021-09-02,349.0,382.0
2021-09-03,769.0,669.0
2021-09-06,-589.0,547.0
2021-09-07,-145.0,-137.0
2021-09-08,-803.0,1.0
2021-09-09,423.0,704.0
2021-09-13,1419.0,-560.0
2021-09-14,1650.0,-310.0
2021-09-15,233.0,168.0
2021-09-15,233.0,168.0
2021-09-16,1622.0,-795.0
2021-09-17,1553.0,-1399.0
2021-09-20,93.0,-1627.0
2021-09-21,1042.0,2168.0
2021-09-22,-1943.0,1850.0
2021-09-23,358.0,1173.0
2021-09-24,442.0,-516.0
2021-09-27,-595.0,1398.0
2021-09-28,-1958.0,161.0
2021-09-29,-1446.0,3262.0
2021-09-30,-2226.0,97.0
2021-10-01,131.0,-613.0
2021-10-04,861.0,228.0
2021-10-05,-1915.0,1868.0
2021-10-06,-803.0,-999.0
2021-10-07,-1764.0,2529.0
2021-10-08,-64.0,-168.0
2021-10-11,-1303.0,-373.0
2021-10-12,-278.0,-741.0
2021-10-13,937.0,-432.0
2021-10-14,1682.0,-1751.0
2021-10-18,512.0,-1704.0
2021-10-19,-506.0,-2578.0
2021-10-20,-1843.0,-1681.0
2021-10-21,-2819.0,428.0
2021-10-22,-2698.0,1030.0
2021-10-25,-2459.0,2390.0
2021-10-26,-2369.0,1385.0
2021-10-27,-1913.0,472.0
2021-10-28,-3819.0,837.0
2021-10-29,-5143.0,4343.0
2021-11-01,-202.0,116.0
2021-11-02,245.0,-6.0
2021-11-03,-401.0,196.0
2021-11-04,-328.0,38.0
2021-11-08,-861.0,1912.0
2021-11-09,-2445.0,1418.0
2021-11-10,-470.0,767.0
2021-11-11,-1637.0,446.0
2021-11-12,511.0,851.0
2021-11-15,425.0,1525.0
2021-11-16,-561.0,577.0
2021-11-17,-344.0,-61.0
2021-11-18,-3931.0,1886.0
2021-11-22,-3439.0,2051.0
2021-11-23,-4477.0,1412.0
2021-11-24,-5123.0,3810.0
2021-11-25,-2301.0,1368.0
2021-11-26,-5786.0,2294.0
2021-11-29,-3332.0,4611.0
2021-11-30,-5445.0,5350.0
2021-12-01,-2766.0,3467.0
2021-12-02,-910.0,1373.0
2021-12-03,-3356.0,1649.0
2021-12-06,-3361.0,1702.0
2021-12-07,-2585.0,2606.0
2021-12-08,-579.0,1736.0
2021-12-09,-1586.0,783.0
2021-12-10,-1092.0,387.0
2021-12-13,-2743.0,1351.0
2021-12-14,-763.0,425.0
2021-12-15,-3407.0,1553.0
2021-12-16,-1469.0,1533.0
2021-12-17,-2070.0,1479.0
2021-12-20,-3565.0,2764.0
2021-12-21,-1210.0,1405.0
2021-12-22,-827.0,1593.0
2021-12-23,-272.0,1196.0
2021-12-24,-715.0,-43.0
2021-12-27,-1038.0,956.0
2021-12-28,207.0,567.0
2021-12-29,-975.0,1007.0
2021-12-30,-986.0,578.0
2021-12-31,575.0,1166.0
2022-01-03,903.0,803.0
2022-01-04,1274.0,533.0
2022-01-05,337.0,1272.0
2022-01-06,-1927.0,801.0
2022-01-07,496.0,-116.0
2022-01-10,-124.0,482.0
2022-01-11,112.0,379.0
2022-01-12,-1002.0,1332.0
2022-01-13,-1391.0,1065.0
2022-01-14,-1598.0,371.0
2022-01-17,-855.0,-115.0
2022-01-18,-1255.0,-220.0
2022-01-19,-2705.0,-195.0
2022-01-20,-4680.0,769.0
2022-01-21,-3149.0,269.0
2022-01-24,-3752.0,75.0
2022-01-25,-7094.0,4535.0
2022-01-27,-6267.0,2881.0
2022-01-28,-5045.0,3359.0
2022-01-31,-3624.0,3649.0
2022-02-01,-22.0,1598.0
2022-02-02,-184.0,426.0
2022-02-03,-1598.0,-371.0
2022-02-04,-2268.0,622.0
2022-02-07,-1157.0,-1376.0
2022-02-08,-1968.0,1115.0
2022-02-09,-893.0,1793.0
2022-02-10,-1733.0,2727.0
2022-02-11,109.0,-697.0
2022-02-14,-4254.0,2170.0
2022-02-15,-2299.0,4412.0
2022-02-16,-1891.0,1180.0
2022-02-17,-1242.0,901.0
2022-02-18,-2530.0,1929.0
2022-02-21,-2262.0,2393.0
2022-02-22,-3246.0,4109.0
2022-02-23,-3417.0,3024.0
2022-02-24,-6448.0,7668.0
2022-02-25,-4471.0,4318.0
2022-02-28,-3948.0,4143.0
2022-03-02,-4339.0,3062.0
2022-03-03,-6645.0,4799.0
2022-03-04,-7631.0,4739.0
2022-03-07,-7482.0,5331.0
2022-03-08,-8143.0,6490.0
2022-03-09,-4819.0,3276.0
2022-03-10,-1981.0,946.0
2022-03-11,-2264.0,1687.0
2022-03-14,-177.0,1099.0
2022-03-15,-1250.0,98.0
2022-03-16,312.0,773.0
2022-03-17,2800.0,-678.0
2022-03-21,-2962.0,253.0
2022-03-22,384.0,-602.0
2022-03-23,481.0,-294.0
2022-03-24,-1741.0,2091.0
2022-03-25,-1507.0,1373.0
2022-03-28,-801.0,1162.0
2022-03-29,35.0,1713.0
2022-03-30,1357.0,1216.0
2022-03-31,3089.0,1145.0
2022-04-01,1910.0,-184.0
2022-04-04,1152.0,1675.0
2022-04-05,375.0,105.0
2022-04-06,-2280.0,623.0
2022-04-07,-5010.0,1775.0
2022-04-08,-575.0,-17.0
2022-04-11,-1145.0,487.0
2022-04-12,-3128.0,870.0
2022-04-13,-2061.0,1411.0
2022-04-18,-6387.0,3342.0
2022-04-19,-5872.0,3981.0
2022-04-20,-3009.0,2646.0
2022-04-21,-714.0,2823.0
2022-04-22,-2462.0,1602.0
2022-04-25,-3303.0,1870.0
2022-04-26,-1174.0,1644.0
2022-04-27,-4065.0,1918.0
2022-04-28,743.0,781.0
2022-04-29,-3648.0,3490.0
2022-05-02,-1853.0,1951.0
2022-05-04,-3288.0,1338.0
2022-05-05,-2075.0,2229.0
2022-05-06,-5517.0,3015.0
2022-05-09,-3362.0,3077.0
2022-05-10,-3961.0,2958.0
2022-05-11,-3609.0,4181.0
2022-05-12,-5256.0,4816.0
2022-05-13,-3780.0,3170.0
2022-05-16,-1789.0,1428.0
2022-05-17,-2192.0,2294.0
2022-05-18,-1255.0,376.0
2022-05-19,-4900.0,3226.0
2022-05-20,-1265.0,2149.0
2022-05-23,-1951.0,1445.0
2022-05-24,-2393.0,1948.0
2022-05-25,-1803.0,2230.0
2022-05-26,-1598.0,2906.0
2022-05-27,-1943.0,2727.0
2022-05-30,502.0,1524.0
2022-05-31,-1004.0,1845.0
2022-06-01,-1930.0,984.0
2022-06-02,-452.0,131.0
2022-06-03,-3771.0,2361.0
2022-06-06,-2398.0,1940.0
2022-06-07,-2294.0,1311.0
2022-06-08,-2484.0,1904.0
2022-06-09,-1513.0,1625.0
2022-06-10,-3974.0,2831.0
2022-06-13,-4164.0,2815.0
2022-06-14,-4502.0,3808.0
2022-06-15,-3531.0,2588.0
2022-06-16,-3258.0,1929.0
2022-06-17,-7819.0,6087.0
2022-06-20,-1217.0,2093.0
2022-06-21,-2701.0,3066.0
2022-06-22,-2921.0,1859.0
2022-06-23,-2319.0,2438.0
2022-06-24,-2354.0,2213.0
2022-06-27,-1278.0,1184.0
2022-06-28,-1244.0,1206.0
2022-06-29,-851.0,847.0
2022-06-30,-1138.0,1378.0
2022-07-01,-2325.0,1311.0
2022-07-04,-2150.0,1688.0
2022-07-05,1296.0,-258.0
2022-07-06,-330.0,1464.0
2022-07-07,-925.0,981.0
2022-07-08,-109.0,35.0
2022-07-11,-171.0,-297.0
2022-07-12,-1566.0,141.0
2022-07-13,-2840.0,1799.0
2022-07-14,309.0,-556.0
2022-07-15,-1649.0,1059.0
2022-07-18,156.0,844.0
2022-07-19,976.0,-101.0
2022-07-20,1781.0,-230.0
2022-07-21,1799.0,-312.0
2022-07-22,-675.0,739.0
2022-07-25,-845.0,-72.0
2022-07-26,-1548.0,999.0
2022-07-27,-437.0,712.0
2022-07-28,1638.0,600.0
2022-07-29,1046.0,-1.0
2022-08-01,2321.0,-822.0
2022-08-02,825.0,118.0
2022-08-03,765.0,-518.0
2022-08-04,1475.0,-47.0
2022-08-05,1606.0,-496.0
2022-08-08,1450.0,-141.0
2022-08-10,1062.0,-768.0
2022-08-11,2298.0,-730.0
2022-08-12,3040.0,-839.0
2022-08-16,1377.0,-136.0
2022-08-17,2347.0,-510.0
2022-08-18,-1706.0,471.0
2022-08-19,1111.0,-1633.0
2022-08-22,-454.0,-85.0
2022-08-23,563.0,-215.0
2022-08-24,23.0,-322.0
2022-08-25,369.0,-334.0
2022-08-26,-51.0,454.0
2022-08-29,-561.0,144.0
2022-08-30,4166.0,-657.0
2022-09-01,-2290.0,951.0
2022-09-02,-9.0,-669.0
2022-09-05,-812.0,534.0
2022-09-06,1145.0,633.0
2022-09-07,758.0,-139.0
2022-09-08,2913.0,-213.0
2022-09-09,2132.0,-1168.0
2022-09-12,2050.0,-891.0
2022-09-13,1957.0,-1268.0
2022-09-14,-1398.0,188.0
2022-09-15,-1271.0,-929.0
2022-09-16,-3260.0,-37.0
2022-09-19,312.0,-95.0
2022-09-20,1196.0,132.0
2022-09-21,-461.0,539.0
2022-09-22,-2510.0,263.0
2022-09-23,-2900.0,299.0
2022-09-26,-5101.0,3532.0
2022-09-27,-2824.0,3505.0
2022-09-28,-2772.0,2544.0
2022-09-29,-3599.0,3162.0
2022-09-30,-1565.0,3245.0
2022-10-03,591.0,-423.0
2022-10-04,1345.0,946.0
2022-10-06,279.0,-44.0
2022-10-07,-2251.0,545.0
2022-10-10,-2139.0,2137.0
2022-10-11,-4613.0,2431.0
2022-10-12,-542.0,85.0
2022-10-13,-1636.0,753.0
2022-10-14,-1011.0,1624.0
2022-10-17,-372.0,1582.0
2022-10-18,-153.0,2085.0
2022-10-19,-454.0,908.0
2022-10-20,1865.0,-887.0
2022-10-21,439.0,-119.0
2022-10-24,-154.0,80.0
2022-10-25,-247.0,873.0
2022-10-27,2818.0,-1580.0
2022-10-28,1569.0,-613.0
2022-10-31,4179.0,-1107.0
2022-11-01,2610.0,-730.0
2022-11-02,1436.0,-1378.0
2022-11-03,678.0,-732.0
2022-11-04,1436.0,-549.0
2022-11-07,1949.0,-844.0
2022-11-09,387.0,-1060.0
2022-11-10,36.0,-967.0
2022-11-11,3958.0,616.0
2022-11-14,1089.0,47.0
2022-11-15,-221.0,-549.0
2022-11-16,-386.0,1437.0
2022-11-17,618.0,449.0
2022-11-18,-751.0,890.0
2022-11-21,-1594.0,1263.0
2022-11-22,-698.0,636.0
2022-11-23,-790.0,414.0
2022-11-24,1232.0,-236.0
2022-11-25,369.0,-296.0
2022-11-28,936.0,88.0
2022-11-29,1242.0,-744.0
2022-11-30,9010.0,-4056.0
2022-12-01,-1566.0,2665.0
2022-12-02,215.0,712.0
2022-12-05,-1139.0,2608.0
2022-12-06,-635.0,-559.0
2022-12-07,-1242.0,389.0
2022-12-08,-1132.0,772.0
2022-12-09,-158.0,502.0
2022-12-12,-139.0,696.0
2022-12-13,620.0,37.0
2022-12-14,372.0,926.0
2022-12-15,-711.0,261.0
2022-12-16,-1975.0,1543.0
2022-12-19,-538.0,687.0
2022-12-20,456.0,495.0
2022-12-21,-1119.0,1757.0
2022-12-22,929.0,2207.0
2022-12-23,-707.0,3399.0
2022-12-26,-498.0,1286.0
2022-12-27,-868.0,622.0
2022-12-28,-873.0,373.0
2022-12-29,-573.0,516.0
2022-12-30,-2951.0,2266.0
2023-01-02,-213.0,743.0
2023-01-03,-628.0,351.0
2023-01-04,-2621.0,774.0
2023-01-05,-1449.0,-194.0
2023-01-06,-2902.0,1083.0
2023-01-09,-203.0,1724.0
2023-01-10,-2109.0,1807.0
2023-01-11,-3208.0,2431.0
2023-01-12,-1663.0,2128.0
2023-01-13,-2422.0,1953.0
2023-01-13,-2422.0,1953.0
2023-01-16,-751.0,686.0
2023-01-17,211.0,91.0
2023-01-18,-319.0,1226.0
2023-01-19,400.0,-129.0
2023-01-20,-2002.0,1510.0
2023-01-23,-220.0,435.0
2023-01-24,-761.0,1145.0
2023-01-25,-2394.0,1378.0
2023-01-27,-5978.0,4252.0
2023-01-30,-6793.0,5513.0
2023-01-31,-5440.0,4506.0
2023-02-01,1785.0,529.0
2023-02-02,-3065.0,2371.0
2023-02-03,-932.0,1265.0
2023-02-06,-1218.0,1203.0
2023-02-07,-2560.0,640.0
2023-02-08,-737.0,941.0
2023-02-09,-145.0,-205.0
2023-02-10,1459.0,-291.0
2023-02-13,1322.0,522.0
2023-02-14,1305.0,205.0
2023-02-15,432.0,517.0
2023-02-16,1570.0,1577.0
2023-02-17,-624.61,-85.29
2023-02-20,-159.0,86.0
2023-02-21,526.0,-235.0
2023-02-22,-580.0,372.0
2023-02-23,-1417.0,1586.0
2023-02-24,-1470.0,1401.0
2023-02-27,-2023.0,2232.0
2023-02-28,-4559.0,4610.0
2023-03-01,-425.0,1499.0
2023-03-02,12771.0,2129.0
2023-03-03,246.0,2090.0
2023-03-06,721.0,757.0
2023-03-08,3672.0,-938.0
2023-03-09,-562.0,42.0
2023-03-10,-2061.0,1350.0
2023-03-13,-1547.0,1419.0
2023-03-14,-3087.0,2122.0
2023-03-15,-1271.0,1824.0
2023-03-16,-282.0,2051.0
2023-03-17,-1767.0,1817.0
2023-03-20,-2546.0,2877.0
2023-03-21,-1455.0,1946.0
2023-03-22,62.0,384.0
2023-03-23,-995.0,1669.0
2023-03-24,-1720.0,2556.0
2023-03-27,-891.0,1809.0
2023-03-28,1531.0,-156.0
2023-03-29,1245.0,823.0
2023-03-31,358.0,2480.0
2023-04-03,322.0,-328.0
2023-04-05,807.0,-947.0
2023-04-06,476.0,-997.0
2023-04-10,883.0,352.0
2023-04-11,343.0,-264.0
2023-04-12,1908.0,-225.0
2023-04-13,222.0,-274.0
2023-04-17,-533.0,270.0
2023-04-18,-811.0,402.0
2023-04-19,-13.0,-110.0
2023-04-20,-1169.0,833.0
2023-04-21,-2117.0,1633.0
2023-04-24,-412.0,1177.0
2023-04-25,-407.0,564.0
2023-04-26,1257.0,-228.0
2023-04-27,1653.0,97.0
2023-04-28,3304.0,264.0
2023-05-02,1997.0,-394.0
2023-05-03,1338.0,-584.0
2023-05-04,1415.0,442.0
2023-05-05,778.0,-2199.0
2023-05-08,2124.0,245.0
2023-05-09,1942.0,405.0
2023-05-10,1833.0,-790.0
2023-05-11,837.0,-200.0
2023-05-12,1014.0,-922.0
2023-05-15,1685.0,191.0
2023-05-16,1407.0,-886.0
2023-05-17,149.0,-204.0
2023-05-18,970.0,-849.0
2023-05-19,-113.0,1071.0
2023-05-22,923.0,605.0
2023-05-23,183.0,397.0
2023-05-24,1186.0,301.0
2023-05-25,589.0,338.0
2023-05-26,350.0,1841.0
2023-05-29,1758.0,854.0
2023-05-30,2086.0,-439.0
2023-05-31,3406.0,-2529.0
2023-06-01,-71.0,489.0
2023-06-02,-659.0,582.0
2023-06-05,-701.0,1196.0
2023-06-06,386.0,-489.0
2023-06-07,1383.0,392.0
2023-06-08,212.0,-405.0
2023-06-09,-309.0,1246.0
2023-06-12,-627.0,1794.0
2023-06-13,1678.0,-203.0
2023-06-14,1715.0,-655.0
2023-06-15,3086.0,-298.0
2023-06-16,795.0,681.0
2023-06-19,-1031.0,-365.0
2023-06-20,-1943.0,1973.0
2023-06-21,4013.0,550.0
2023-06-22,-693.0,219.0
2023-06-23,-345.0,-684.0
2023-06-26,-409.0,250.0
2023-06-27,2029.0,-1991.0
2023-06-28,12350.0,-1021.0
2023-06-30,6397.0,1198.0
2023-07-03,1996.0,-338.0
2023-07-04,2134.0,-785.0
2023-07-05,1603.0,-439.0
2023-07-06,2641.0,-2352.0
2023-07-07,790.0,-2964.0
2023-07-10,588.0,288.0
2023-07-11,1197.0,-7.0
2023-07-12,-1242.0,437.0
2023-07-13,2238.0,-1197.0
2023-07-14,2636.0,-772.0
2023-07-17,73.0,64.0
2023-07-18,2116.0,-1318.0
2023-07-19,1165.0,-2135.0
2023-07-20,3371.0,-193.0
2023-07-21,-1999.0,1291.0
2023-07-24,-83.0,935.0
2023-07-25,1089.0,-334.0
2023-07-26,923.0,470.0
2023-07-27,-3979.0,2528.0
2023-07-28,-1024.0,1634.0
2023-07-31,-701.0,2488.0
2023-08-01,-93.0,1036.0
2023-08-02,-1878.0,-2.0
2023-08-03,-317.0,1729.0
2023-08-04,-556.0,367.0
2023-08-07,-1893.0,1081.0
2023-08-08,-711.0,537.0
2023-08-09,644.0,-598.0
2023-08-10,331.0,704.0
2023-08-11,-3073.0,500.0
2023-08-14,-2324.0,1461.0
2023-08-16,723.0,2406.0
2023-08-17,-1511.0,-314.0
2023-08-18,-267.0,339.0
2023-08-21,-1901.0,626.0
2023-08-22,-495.0,533.0
2023-08-23,615.0,125.0
2023-08-24,1524.0,5796.0
2023-08-25,-4638.0,1415.0
2023-08-28,-1393.0,1264.0
2023-08-29,65.0,305.0
2023-08-30,-494.0,1324.0
2023-08-31,-2973.0,4383.0
2023-09-01,488.0,2295.0
2023-09-04,-3368.0,2563.0
2023-09-15,164.0,1939.0
2023-09-18,-1237.0,553.0
2023-09-20,-3111.0,-573.0
2023-09-21,-3007.0,1158.0
2023-09-22,-1327.0,801.0
2023-09-25,-2333.0,1579.0
2023-09-26,-693.0,715.0
2023-09-27,-354.0,386.0
2023-09-28,-3364.0,2711.0
2023-09-29,-1686.0,2751.0
2023-10-03,-2034.0,1361.0
2023-10-04,-4424.0,1769.0
2023-10-05,-1864.0,521.0
2023-10-06,-90.0,783.0
2023-10-09,-998.0,2661.0
2023-10-10,-1005.0,1963.0
2023-10-11,-422.0,1032.0
2023-10-12,-1863.0,1532.0
2023-10-13,317.0,-103.0
2023-10-16,-594.0,1184.0
2023-10-17,264.0,113.0
2023-10-18,-1832.0,1470.0
2023-10-19,-1093.0,736.0
2023-10-20,456.0,9.0
2023-10-23,252.0,1112.0
2023-10-25,-4237.0,3569.0
2023-10-26,-7703.0,6558.0
2023-10-27,-1500.0,314.0
2023-10-30,-1762.0,1328.0
2023-10-31,-696.0,340.0
2023-11-01,-1817.0,1622.0
2023-11-02,-1261.0,1380.0
2023-11-03,-12.0,403.0
2023-11-06,-549.0,596.0
2023-11-07,-497.0,700.0
2023-11-08,-85.0,524.0
2023-11-09,-1712.0,1512.0
2023-11-10,-262.0,823.0
2023-11-12,-190.0,95.0
2023-11-13,-1244.0,830.0
2023-11-15,550.0,610.0
2023-11-16,957.0,706.0
2023-11-17,-478.0,-565.0
2023-11-20,-646.0,78.0
2023-11-21,-456.0,722.0
2023-11-22,-307.0,721.0
2023-11-23,256.0,457.0
2023-11-24,2625.0,134.0
2023-11-28,784.0,1325.0
2023-11-29,72.0,2361.0
2023-11-30,8148.0,-780.0
2023-12-01,1590.0,1448.0
2023-12-04,2073.0,4797.0
2023-12-05,5224.0,-1399.0
2023-12-06,-80.0,1372.0
2023-12-07,-1564.0,-10.0
2023-12-08,3632.0,-434.0
2023-12-11,1261.0,-1033.0
2023-12-12,77.0,1923.0
2023-12-13,4711.0,-958.0
2023-12-14,3570.0,553.0
2023-12-15,9239.0,-3077.0
2023-12-18,-34.0,414.0
2023-12-19,-602.0,294.0
2023-12-20,-1322.0,4754.0
2023-12-21,-1636.0,1465.0
2023-12-22,-2829.0,2167.0
2023-12-26,-95.0,167.0
2023-12-27,2926.0,-192.0
2023-12-28,4359.0,137.0
2023-12-29,1459.0,554.0
2024-01-01,-856.0,410.0
2024-01-02,1602.0,-1959.0
2024-01-03,-619.0,-863.0
2024-01-04,1513.0,-1387.0
2024-01-05,1697.0,-3498.0
2024-01-08,16.0,156.0
2024-01-09,-991.0,104.0
2024-01-10,-1721.0,2080.0
2024-01-11,-865.0,1607.0
2024-01-12,-340.0,2911.0
2024-01-15,1086.0,-821.0
2024-01-16,657.0,-369.0
2024-01-17,-10578.0,4006.0
2024-01-18,-9902.0,5977.0
2024-01-19,-3689.0,2638.0
2024-01-20,-546.0,-719.0
2024-01-23,-3115.0,214.0
2024-01-24,-6935.0,6013.0
2024-01-25,-2144.0,3475.0
2024-01-29,110.0,3221.0
2024-01-30,-1970.0,1002.0
2024-01-31,1661.0,2543.0
2024-02-01,-1879.0,872.0
2024-02-02,71.0,2463.0
2024-02-05,519.0,-1189.0
2024-02-06,93.0,1096.0
2024-02-07,-1691.0,328.0
2024-02-08,-4933.0,5512.0
2024-02-09,142.0,-422.0
2024-02-12,127.0,1712.0
2024-02-13,376.0,274.0
2024-02-14,-3930.0,2898.0
2024-02-15,-3064.0,2277.0
2024-02-16,253.0,1571.0
2024-02-19,-755.0,453.0
2024-02-20,-1336.0,1491.0
2024-02-21,285.0,-412.0
2024-02-22,-1410.0,1826.0
2024-02-23,1276.0,177.0
2024-02-26,-285.0,-5.0
2024-02-27,-1509.0,2862.0
2024-02-28,-1879.0,1827.0
2024-02-29,3568.0,-230.0
2024-03-01,129.0,3815.0
2024-03-02,-82.0,-45.0
2024-03-04,-564.0,3543.0
2024-03-05,574.0,1835.0
2024-03-06,2767.0,2150.0
2024-03-07,7304.0,2602.0
2024-03-11,4213.0,3238.0
2024-03-12,73.0,2358.0
2024-03-13,-4595.0,9094.0
2024-03-14,-1356.0,139.0
2024-03-15,849.0,-682.0
2024-03-18,-2051.0,2261.0
2024-03-19,1421.0,7449.0
2024-03-20,-2599.0,2668.0
2024-03-21,-1827.0,3209.0
2024-03-22,-3310.0,3765.0
2024-03-26,10.0,5024.0
2024-03-27,2170.0,1198.0
2024-03-28,188.0,2692.0
2024-04-01,-522.0,1208.0
2024-04-02,-1623.0,1953.0
2024-04-03,-2213.0,1102.0
2024-04-04,-1136.0,-893.0
2024-04-05,1659.0,-3370.0
2024-04-08,-685.0,3471.0
2024-04-09,-593.0,2257.0
2024-04-10,2778.0,163.0
2024-04-12,-8027.0,6341.0
2024-04-15,-3268.0,4763.0
2024-04-16,-4468.0,2040.0
2024-04-18,-4260.0,2286.0
2024-04-19,129.0,-53.0
2024-04-22,-2915.0,3543.0
2024-04-23,-3045.0,2919.0
2024-04-24,-2512.0,3810.0
2024-04-25,-2823.0,6168.0
2024-04-26,-3404.0,4357.0
2024-04-29,169.0,692.0
2024-04-30,1072.0,1430.0
2024-05-02,-964.0,1352.0
2024-05-03,-2392.0,690.55
2024-05-06,-2169.0,781.0
2024-05-07,-3669.0,2305.0
2024-05-08,-6669.0,5929.0
2024-05-09,-6995.0,5643.0
2024-05-10,-2117.0,2710.0
2024-05-13,-4499.0,3563.0
2024-05-14,-4066.0,3258.0
2024-05-15,-2833.0,3788.0
2024-05-16,-776.0,2128.0
2024-05-17,1617.0,1556.0
2024-05-21,-1875.0,3549.0
2024-05-22,-686.0,962.0
2024-05-23,4671.0,147.0
2024-05-24,-945.0,2320.0
2024-05-27,-541.22,922.6
2024-05-28,65.57,3231.5
2024-05-29,-5842.0,5234.0
2024-05-30,-3050.0,3433.0
2024-05-31,1613.0,2144.0
2024-06-03,6851.0,1914.0
2024-06-04,-12436.0,-3319.0
2024-06-05,-5656.0,4555.0
2024-06-06,-6868.0,3718.0
2024-06-07,4931.0,-1289.0
2024-06-10,2572.0,2764.0
2024-06-11,-111.0,3193.0
2024-06-12,427.0,234.0
2024-06-13,-3033.0,-554.0
2024-06-14,2176.0,656.0
2024-06-18,2569.0,1556.0
2024-06-19,7908.0,7108.0
2024-06-20,415.0,-326.0
2024-06-21,-1790.0,1237.0
2024-06-24,-654.0,-820.0
2024-06-25,1176.0,-149.0
2024-06-26,-3535.0,5104.0
2024-06-27,7658.0,-3605.0
2024-06-28,-23.0,6658.0
2024-07-01,-426.0,3917.0
2024-07-02,-2000.0,648.0
2024-07-03,5484.0,-924.0
2024-07-04,2756.0,-2375.0
2024-07-05,1241.0,-1651.0
2024-07-08,61.0,2867.0
2024-07-09,314.0,1416.0
2024-07-10,584.0,1082.0
2024-07-11,-1137.0,1676.0
2024-07-12,4022.0,-1651.0
2024-07-15,2685.0,-331.0
2024-07-16,1271.0,-529.0
2024-07-18,5484.0,-2904.0
2024-07-19,1506.0,-462.0
2024-07-22,3444.0,-1652.0
2024-07-23,-2975.0,1419.0
2024-07-24,-5131.0,3137.0
2024-07-25,-2605.0,2432.0
2024-07-26,2546.0,2774.0
2024-07-29,-2475.0,5666.0
2024-07-30,-5599.0,5565.0
2024-07-31,-3462.0,3367.0
2024-08-01,2089.0,-377.0
2024-08-02,-3310.0,2965.0
2024-08-05,-10074.0,9156.0
2024-08-06,-3531.0,2966.0
2024-08-07,-3315.0,3801.0
2024-08-08,-2627.0,577.0
2024-08-09,407.0,3980.0
2024-08-12,-4680.0,4478.0
2024-08-13,-2107.0,1240.0
2024-08-14,-2595.0,2236.0
2024-08-16,766.5,2606.0
2024-08-19,-2667.0,1803.0
2024-08-20,-1458.0,2252.0
2024-08-21,-800.0,3097.0
2024-08-22,1372.0,2972.0
2024-08-23,1944.0,2896.0
2024-08-26,483.0,1870.0
2024-08-27,1504.0,-604.0
2024-08-28,-1348.0,439.0
2024-08-29,3260.0,2691.0
2024-08-30,5318.0,-3198.0
2024-09-02,1735.0,356.0
2024-09-03,1029.0,1896.0
2024-09-04,975.0,97.0
2024-09-05,-689.0,2971.0
2024-09-06,-621.0,2122.0
2024-09-09,1177.0,1757.0
2024-09-10,2208.0,-257.0
2024-09-11,1755.0,231.0
2024-09-12,7695.0,-1801.0
2024-09-13,2365.0,2532.0
2024-09-16,-1635.0,754.0
2024-09-17,483.0,874.0
2024-09-18,1154.0,152.0
2024-09-19,-2548.0,2013.0
2024-09-20,14064.0,-4427.0
2024-09-23,404.0,1023.0
2024-09-24,-2784.0,3868.0
2024-09-25,-974.0,1779.0
2024-09-26,630.0,2405.0
2024-09-27,-1207.0,6887.0
2024-09-30,-9792.0,6646.0
2024-10-01,-5579.0,4610.0
2024-10-03,-15243.0,12914.0
2024-10-04,-9897.0,8905.0
2024-10-07,-8293.0,13245.0
2024-10-08,-5730.0,7001.0
2024-10-09,-4563.0,3509.0
2024-10-10,-4927.0,3878.0
2024-10-11,-4163.0,3731.0
2024-10-14,-3732.0,2278.0
2024-10-15,-1749.0,1655.0
2024-10-16,-3436.0,2256.0
2024-10-17,-7421.0,4980.0
2024-10-18,-5486.0,5215.0
2024-10-21,-2262.0,3226.0
2024-10-22,-3979.0,5869.0
2024-10-23,-5685.0,6040.0
2024-10-24,-5062.0,3620.0
2024-10-25,-3037.0,4159.0
2024-10-28,-3228.0,1401.0
2024-10-29,-549.0,730.0
2024-10-30,-4614.0,4518.0
2024-10-31,-5813.0,3514.0
2024-11-01,-212.0,-377.0
2024-11-04,-4330.0,2936.0
2024-11-05,-2569.0,3031.0
2024-11-06,-4446.0,4889.0
2024-11-07,-4889.0,1787.0
2024-11-08,-3404.0,1748.0
2024-11-11,-2307.0,2027.0
2024-11-12,-3024.0,1854.0
2024-11-13,-2503.0,6145.0
2024-11-14,-1850.0,2482.0
2024-11-18,-1403.0,2331.0
2024-11-19,-3412.0,2784.0
2024-11-25,9947.0,-6908.0
2024-11-26,1158.0,-1911.0
2024-11-27,8.0,1302.0
2024-11-28,-11756.0,8718.0
2024-11-29,-4384.0,5723.0
2024-12-02,-238.0,3589.0
2024-12-03,3665.0,-251.0
2024-12-04,1798.0,-901.0
2024-12-05,8540.0,-2304.0
2024-12-06,-1830.0,1659.0
2024-12-09,724.0,-1654.0
2024-12-10,1286.0,606.0
2024-12-11,-1012.0,2008.0
2024-12-12,-3560.0,2647.0
2024-12-13,2335.0,-732.0
2024-12-16,-279.0,-234.0
2024-12-17,-6410.0,2706.0
2024-12-18,-1317.0,4084.0
2024-12-19,-4225.0,3934.0
2024-12-20,-3598.0,1374.0
2024-12-23,-169.0,2228.0
2024-12-24,-2454.0,2819.0
2024-12-26,-2376.0,3336.0
2024-12-27,-1323.0,2544.0
2024-12-30,-1893.0,2174.0
2025-01-02,1507.0,22.0
2025-01-03,-4227.0,821.0
2025-01-06,-2575.0,5750.0
2025-01-07,-1491.0,1615.0
2025-01-08,-3362.0,2716.0
2025-01-09,-7176.0,7640.0
2025-01-10,-2255.0,3962.0
2025-01-13,-4893.0,8066.0
2025-01-14,-8132.0,7901.0
2025-01-15,-4533.0,3683.0
2025-01-16,-4342.0,2929.0
2025-01-17,-3318.0,2573.0
2025-01-20,-4337.0,4322.0
2025-01-21,-5920.0,3500.0
2025-01-22,-4026.0,3640.0
2025-01-23,-5463.0,3713.0
2025-01-24,-2758.0,2402.0
2025-01-27,-5015.0,6642.0
2025-01-28,-4920.0,6814.0
2025-01-29,-2586.0,1793.0
2025-01-30,-4583.0,2166.0
2025-01-31,-1189.0,2232.0
2025-02-01,-1327.0,824.0
2025-02-03,-3958.0,2708.0
2025-02-04,809.0,-431.0
2025-02-05,-1683.0,996.0
2025-02-06,-3550.0,2722.0
2025-02-07,-470.0,454.0
2025-02-10,-2464.0,1516.0
2025-02-11,-4486.0,4002.0
2025-02-12,-4969.0,5929.0
2025-02-13,-2790.0,2935.0
2025-02-14,-4295.0,4364.0
2025-02-17,-3938.0,4760.0
2025-02-18,4787.0,3072.0
2025-02-19,-1881.0,1958.0
2025-02-20,-3312.0,3908.0
2025-02-21,-3449.0,2885.0
2025-02-24,-6287.0,5186.0
2025-02-25,-3529.0,3039.0
2025-02-27,-557.0,1727.0
2025-02-28,-11639.0,12308.0
2025-03-03,-4788.0,8791.0
2025-03-04,-3406.0,4851.0
2025-03-05,-2895.0,3371.0
2025-03-06,-2377.0,1618.0
2025-03-07,-2035.0,2320.0
2025-03-10,-485.0,264.0
2025-03-11,-2824.0,2002.0
2025-03-12,-1628.0,1510.0
2025-03-13,-793.0,1724.0
2025-03-17,-4488.0,6001.0
2025-03-18,1463.0,2028.0
2025-03-19,-1097.0,2141.0
2025-03-20,3239.0,-3136.0
2025-03-21,7470.0,-3202.0
2025-03-24,3056.0,99.0
2025-03-25,5372.0,-2769.0
2025-03-26,2241.0,-696.0
2025-03-27,11111.0,2518.0
2025-03-28,-4353.0,7646.0
2025-04-01,-5902.0,4323.0
2025-04-02,-1539.0,2809.0
2025-04-03,-2806.0,221.0
2025-04-04,-3484.0,1720.0
2025-04-07,-9040.0,12122.0
2025-04-08,-4994.0,3097.0
2025-04-09,-4358.0,2977.0
2025-04-11,-2513.0,3759.0
2025-04-15,6066.0,-1952.0
2025-04-16,3936.0,-2513.0
2025-04-17,4668.0,-2006.0
2025-04-21,1970.0,247.0
2025-04-22,1290.0,-866.0
2025-04-23,3333.0,-1234.0
2025-04-24,8251.0,-535.0
2025-04-25,2952.0,2540.0
2025-04-28,2474.0,2818.0
2025-04-29,2386.0,1369.0
2025-04-30,51.0,1792.0
2025-05-02,2770.0,3970.0
2025-05-05,498.0,2789.0
2025-05-06,3795.0,-1398.0
2025-05-07,2586.0,2378.0
2025-05-08,2008.0,-596.0
2025-05-09,-3799.0,7278.0
2025-05-12,1246.0,1448.0
2025-05-13,-477.0,4274.0
2025-05-14,932.0,316.0
2025-05-15,5393.0,-1668.0
2025-05-16,8831.0,5187.0
2025-05-19,-526.0,-238.0
2025-05-20,-10016.0,6738.0
2025-05-21,2202.0,684.0
2025-05-22,-5045.0,3715.0
2025-05-23,1795.0,300.0
2025-05-26,136.0,1746.0
2025-05-27,348.0,10105.0
2025-05-28,4663.0,7912.0
2025-05-29,884.0,4287.0
2025-05-30,-6450.0,9096.0
2025-06-02,-2589.0,5314.0
2025-06-03,-2854.0,5908.0
2025-06-04,1076.0,2567.0
2025-06-05,-208.0,2382.0
2025-06-06,1010.0,9342.0
2025-06-09,1993.0,3504.0
2025-06-10,2302.0,1113.0
2025-06-11,-446.0,1585.0
2025-06-12,-3831.0,9394.0
2025-06-13,-1263.0,3041.0
2025-06-16,-2539.0,5781.0
2025-06-17,1483.0,8207.0
2025-06-18,891.0,1091.0
2025-06-19,935.0,606.0
2025-06-20,7941.0,-3050.0
2025-06-23,-1874.0,5592.0
2025-06-24,-5266.0,5210.0
2025-06-25,-2428.0,2373.0
2025-06-26,12594.0,-195.0
2025-06-27,1397.0,-589.0
2025-06-30,-832.0,3497.0
2025-07-01,-1970.0,771.0
2025-07-02,-1562.0,3037.0
2025-07-03,-1481.0,1333.0
2025-07-04,-760.0,-1029.0
2025-07-07,321.0,1853.0
2025-07-08,-26.0,1367.0
2025-07-09,77.0,921.0
2025-07-10,221.0,591.0
2025-07-11,-5104.0,3559.0
2025-07-14,-1614.0,1788.0
2025-07-15,120.0,1555.0
2025-07-16,-1858.0,1224.0
2025-07-17,-3694.0,2821.0
2025-07-18,375.0,2105.0
2025-07-21,-1681.0,3578.0
2025-07-22,-3549.0,5240.0
2025-07-23,-4209.0,4359.0
2025-07-24,-2134.0,2617.0
2025-07-25,-1980.0,2139.0
2025-07-28,-6082.0,6765.0
2025-07-29,-4637.0,6147.0
2025-07-30,-850.0,1829.0
2025-07-31,-5589.0,6373.0
2025-08-01,-3366.0,3187.0
2025-08-04,-2567.0,4386.0
2025-08-05,-22.0,3840.0
2025-08-07,-4997.0,10860.0
2025-08-08,1993.0,7724.0
2025-08-11,-1203.0,5972.0
2025-08-12,-3399.0,3508.0
2025-08-13,-3644.0,5624.0
2025-08-14,-1927.0,3896.0
2025-08-18,551.0,4104.0
2025-08-19,-634.0,2261.0
2025-08-20,-1100.0,1806.0
2025-08-21,-1247.0,2546.0
2025-08-22,-1623.0,-329.0
2025-09-01,-1430.0,4345.0
2025-09-02,-1159.0,2550.0
2025-09-03,-1666.0,2495.0
2025-09-04,-106.0,2233.0
2025-09-05,-1305.0,1821.0
2025-09-08,-2170.0,3014.0
2025-09-09,2050.0,83.0
2025-09-10,-116.0,5004.0
2025-09-11,-3472.0,4046.0
2025-09-12,130.0,1556.0
2025-09-15,-1269.0,1933.0
2025-09-16,308.0,1519.0
2025-09-17,-1125.0,2294.0
2025-09-18,367.0,3327.0
2025-09-19,391.0,2105.0
2025-09-22,-2910.0,2583.0
2025-09-23,-3551.0,2671.0
2025-09-24,-2426.0,1212.0
2025-09-25,-4995.0,5103.0
2025-09-26,-5688.0,5843.0
2025-09-29,-2832.0,3846.0
2025-09-30,-2327.0,5762.0
2025-10-01,-1605.0,2916.0
2025-10-03,-1583.0,490.0
2025-10-06,-314.0,5036.0
2025-10-07,1441.0,453.0
2025-10-08,81.0,330.0
2025-10-09,1308.0,864.0
2025-10-10,459.0,1708.0
2025-10-13,-240.0,2333.0
2025-10-14,-1509.0,3661.0
2025-10-15,69.0,4650.0
2025-10-16,997.0,4076.0
2025-10-17,309.0,1527.0
2025-10-20,790.0,2485.0
2025-10-21,97.0,-607.0
2025-10-23,-1166.0,3894.0
2025-10-24,622.0,173.0
2025-10-27,-56.0,2492.0
2025-10-28,10340.0,1082.0
2025-10-29,-2540.0,5693.0
2025-10-30,-3078.0,2469.0
2025-10-31,-6769.0,7068.0
2025-11-03,-1884.0,3516.0
2025-11-04,-1067.0,1203.0
2025-11-06,-3263.0,5284.0
2025-11-07,4581.0,6675.0
2025-11-10,-4115.0,5805.0
2025-11-11,-803.0,2188.0
2025-11-12,-1750.0,5127.0
2025-11-13,-384.0,3092.0
2025-11-14,-4968.0,8461.0
2025-11-17,442.0,1466.0
2025-11-18,-729.0,6157.0
2025-11-19,1581.0,1360.0
2025-11-20,284.0,824.0
2025-11-21,-1766.0,3162.0
2025-11-24,-4172.0,4513.0
2025-11-25,785.0,3912.0
2025-11-26,4778.0,6248.0
2025-11-27,-1255.0,3941.0
2025-11-28,-3796.0,4148.0
2025-12-01,-1171.0,2559.0
2025-12-02,-3642.0,4646.0
2025-12-03,-3207.0,4730.0
2025-12-04,-1944.0,3661.0
2025-12-05,-439.0,4189.0
2025-12-08,-656.0,2542.0
2025-12-09,-3760.0,6225.0
2025-12-10,-1651.0,3752.0
2025-12-11,-2021.0,3796.0
2025-12-12,-1114.0,3869.0
2025-12-15,-1468.0,1792.0
2025-12-16,-2382.0,1077.0
2025-12-17,1172.0,769.0
2025-12-18,596.0,2700.0
2025-12-19,1831.0,5723.0
2025-12-22,-457.0,4058.0
2025-12-23,-1795.0,3812.0
2025-12-24,-1721.0,2381.0
2025-12-26,-318.0,1773.0
2025-12-29,-2760.0,2644.0
2025-12-30,-3844.0,6160.0
2025-12-31,-3597.0,6760.0
2026-01-01,-3269.0,1526.0
2026-01-02,290.0,677.0
2026-01-05,-36.0,1764.0
2026-01-06,-108.0,1749.0
2026-01-07,-1528.0,2889.0
2026-01-08,-3367.0,3701.0
2026-01-09,-3769.0,5596.0
2026-01-12,-3638.0,5839.0
2026-01-13,-1500.0,1182.0
2026-01-14,-4781.0,5217.0
2026-01-16,-4346.0,3935.0
2026-01-19,-3263.0,4234.0
2026-01-20,-2938.0,3666.0
2026-01-21,-1788.0,4520.0
2026-01-22,-2550.0,4223.0
2026-01-23,-4113.0,4103.0
2026-01-27,-3068.0,9000.0
2026-01-28,480.0,3361.0
2026-01-29,-394.0,2639.0
2026-01-30,2251.0,-601.0
2026-02-01,-588.0,-683.0
2026-02-02,-1832.0,2446.0
2026-02-03,5236.0,1014.0
2026-02-04,30.0,250.0
2026-02-05,-2151.0,1130.0
2026-02-06,1951.0,-1265.0
2026-02-09,2255.0,4.0
2026-02-10,69.0,1174.0
2026-02-11,944.0,-125.0
2026-02-12,108.0,277.0
2026-02-13,-7395.0,5554.0
2026-02-16,-972.0,1667.0
2026-02-17,995.0,187.0
2026-02-18,1154.0,440.0
2026-02-19,-880.0,-596.0
2026-02-20,-935.0,2637.0
2026-02-23,3484.0,-1292.0
2026-02-24,-103.0,3161.0
2026-02-25,2992.0,5119.0
2026-02-26,-3466.0,5032.0
2026-02-27,-7536.0,12293.0
2026-03-02,-3296,8594
2026-03-04,-8753,12068
2026-03-05,-3753,5153
2026-03-06,-6030,6972
2026-03-09,-6346,9014
2026-03-10,-4673,6333
2026-03-11,-6267,4966
2026-03-12,-7050,7450
2026-03-13,-10717,9977 
2026-03-16,-9366,12593
2026-03-17,-4741,5225
2026-03-18,-2714,3253
2026-03-19,-7558,3864
2026-03-20,-5518,5706
2026-03-23,-10414,12034
2026-03-24,-8010,5867
2026-03-25,-1805,5430
