date,FIICash,DIIcash,Percentage_above_5_dma,Percentage_above_10_dma,Above_15_dma,Percentage_above_20_dma,VIX,Gold_INR,USD_INR,IN10YR,MMI_sentiment,IN10YR_yield,High,Low,Close
13-08-2018,-972,216,44,52,62,64,13.4,,,93.8,,8.0302,,,
14-08-2018,-379,391,66,62,64,68,13.2825,,,93.8,,8.0305,,,
16-08-2018,-825,134,54,58,68,68,13.645,,,93.46,,8.0919,,,
17-08-2018,147,152,68,68,72,74,13.16,,,93.5,,8.0851,,,
20-08-2018,-483,593,78,80,82,86,13.0325,,,93.71,,8.0486,,,
21-08-2018,254,198,74,76,80,80,12.9025,,,93.71,,8.0489,,,
23-08-2018,433,142,70,72,76,80,12.7575,,,93.58,,8.0722,,,
24-08-2018,-76,905,56,64,68,68,12.4075,,,93.43,,8.0994,,,
27-08-2018,253,1117,80,78,78,74,12.2375,,,93.55,,8.055,,,
28-08-2018,-161,-199,66,82,80,82,12.425,,,93.55,,8.0782,,,
29-08-2018,-1416,1114,66,74,72,78,12.435,,,93.41,,8.0793,,,
30-08-2018,-1416,1114,68,70,72,70,12.4125,,,93.45,,8.1048,,,
31-08-2018,-213,172,68,72,72,76,12.5975,,,93.31,,8.098,,,
03-09-2018,-21,-542,52,58,66,68,13.3925,,,92.598,,8.1235,,,
04-09-2018,33,-21,26,42,46,54,13.7825,,,92.6,,8.2527,,,
05-09-2018,-384,177,30,40,46,54,13.65,,,93.01,,8.253,,,
06-09-2018,-455,612,48,48,52,58,13.7225,,,93.01,,8.1789,,,
07-09-2018,38,942,60,62,60,62,13.89,,,92.598,,8.1791,,,
10-09-2018,-842,-290,34,42,50,54,15.2025,,,92.598,,8.2545,,,
11-09-2018,-1454,750,16,20,32,36,15.33,,,92.595,,8.2554,,,
12-09-2018,-1086,541,36,38,40,44,14.25,,,92.595,,8.2561,,,
14-09-2018,1091,115,76,62,60,60,13.8425,,,92.595,,8.2564,,,
17-09-2018,-107,-180,52,48,52,54,14.495,,,92.6,,8.2564,,,
18-09-2018,-1144,265,34,38,42,40,14.415,,,92.5,,8.256,,,
19-09-2018,-2185,1201,34,36,38,42,14.005,,,92.5,,8.2568,,,
21-09-2018,761,497,28,26,28,34,15.535,,,92.5,,8.2754,,,
24-09-2018,-524,1528,20,22,30,34,17.4275,,,92.68,,8.2757,,,
25-09-2018,-1232,2284,32,32,32,34,16.682501,,,93.1,,8.2757,,,
26-09-2018,-810,1555,38,30,30,38,17.0875,,,93.2,,8.254,,,
27-09-2018,552,-187,30,26,28,36,16.922501,,,93.1,,8.2433,,,
28-09-2018,-1700,3256,20,16,20,20,16.995001,,,93.5,,8.1677,,,
01-10-2018,-1842,1805,36,26,24,22,16.834999,,,93.5,,8.15,,,
03-10-2018,-1550,1402,18,22,20,20,18.1175,,,92.5,,8.1685,,,
04-10-2018,-2761,1824,8,4,6,4,18.915001,,,93,,8.0962,,,
05-10-2018,-3370,1902,6,2,4,8,19.7325,,,93,,8.0969,,,
08-10-2018,-1805,1974,12,4,4,2,20.147499,,,93.4,,8.1114,,,
09-10-2018,-1242,1526,18,6,4,4,19.754999,,,93.25,,8.2795,,,
10-10-2018,-1096,1893,54,30,16,12,17.907499,,,93.45,,8.1883,,,
11-10-2018,-2869,1888,16,6,4,4,20.547501,,,93.55,,8.1886,,,
12-10-2018,-1322,1287,76,40,26,12,18.627501,,,93.6,,8.1161,,,
15-10-2018,68,295,64,44,24,20,18.885,,,93.8,,8.1441,,,
16-10-2018,-1166,1059,76,52,42,26,17.372499,,,93.85,,8.108,,,
17-10-2018,140,-343,44,44,26,20,17.98,,,94.1,,8.0901,,,
19-10-2018,-618,-2,24,26,26,16,19.7875,,,93.8,,8.0816,,,
22-10-2018,-512,303,26,30,24,22,21.3575,,,94.2,,8.0461,,,
23-10-2018,-340,116,24,22,20,16,19.0375,,,94.45,,8.0373,,,
24-10-2018,-2047,1874,34,30,26,22,18.879999,,,94.4,,7.9924,,,
25-10-2018,-1496,340,24,24,20,20,18.9625,,,94.42,,8.0466,,,
26-10-2018,-1357,1876,20,16,12,12,19.2325,,,95,,8.0107,,,
29-10-2018,-2231,2527,68,46,34,32,19.825001,,,94.5,,7.9749,,,
30-10-2018,-1592,1363,66,46,36,28,20.502501,,,94.55,,7.9306,,,
31-10-2018,-194,1125,68,60,50,42,19.797501,,,94.51,,7.9398,,,
01-11-2018,349,-509,70,66,48,36,19.192499,,,94.51,,7.9362,,,
02-11-2018,-197,853,76,74,66,56,18.23,,,94.51,,7.8325,,,
05-11-2018,12,-622,70,74,72,60,19.4825,,,94.51,,7.9223,,,
06-11-2018,-500,119,70,74,62,58,18.504999,,,94.51,,7.914,,,
07-11-2018,,,84,82,80,70,17.877501,,,94.51,,7.9214,,,
09-11-2018,614,-337,70,78,74,66,17.764999,,,95,,7.9216,,,
12-11-2018,832,-1074,36,56,54,52,19.3675,,,95,,7.9221,,,
13-11-2018,-495,336,66,68,66,64,18.695,,,95.55,,7.9228,,,
14-11-2018,277,-272,58,64,60,58,18.825001,,,95.4,,7.923,,,
15-11-2018,2043,-165,68,68,68,68,18.455,,,95.15,,7.9233,,,
16-11-2018,845,-372,66,66,68,66,18.35,,,94.5,,7.8352,,,
19-11-2018,1103,-310,72,78,74,72,19.254999,,,94.5,,7.8516,,,
20-11-2018,-753,-44,40,54,58,60,19.254999,,,94.5,,7.8356,,,
21-11-2018,-1652,607,44,56,60,58,19.555,,,95.78,,7.738,,,
22-11-2018,446,50,26,48,54,54,19.16,,,95.78,,7.7222,,,
26-11-2018,63,352,52,50,58,58,20.4025,,,95.84,,7.8098,,,
27-11-2018,812,31,52,60,62,62,18.315001,,,96.1,,7.927,,,
28-11-2018,961,-330,46,52,56,56,17.959999,,,,,7.928,,,
29-11-2018,823,973,72,66,66,66,18.6975,,,,,7.9283,,,
30-11-2018,-333,1490,60,70,74,70,19.1625,,,,,7.6988,,,
03-12-2018,293,-806,70,68,70,70,18.2225,,,,,7.699,,,
04-12-2018,-56,-521,54,62,66,70,18.1075,,,97.05,,7.6883,,,
05-12-2018,-358,-792,32,40,52,58,18.389999,,,96.72,,7.6885,,,
06-12-2018,72,-390,4,18,22,28,19.305,,,96.72,,7.6428,,,
07-12-2018,-817,243,26,28,36,44,18.59,,,96.25,,7.6075,,,
10-12-2018,116,-146,4,16,18,24,20.4375,,,96.25,,7.6077,,,
11-12-2018,-2421,2256,32,28,28,34,17.945,,,97,,7.6256,,,
12-12-2018,-1299,1121,94,74,66,64,15.81,,,97.1,,7.608,,,
13-12-2018,675,-52,86,76,64,60,15.55,,,96.96,,7.4762,,,
14-12-2018,862,-303,82,78,74,70,15.1575,,,97.3,,7.5344,,,
17-12-2018,-61,-77,86,82,84,86,14.54,,,97.4,,7.5346,,,
18-12-2018,145,-183,84,92,86,84,14.5775,,,97.9,,7.618,,,
19-12-2018,1209,-481,74,82,82,84,14.66,,,97.9,,7.6182,,,
20-12-2018,-386,88,76,78,82,80,14.3325,,,97.9,,7.486,,,
21-12-2018,134,-489,32,42,56,56,15.9925,,,97.8,,7.4685,,,
24-12-2018,-577,186,18,28,34,34,15.75,,,97.8,,7.4933,,,
26-12-2018,80,-138,34,36,40,48,15.92,,,97.95,,7.4336,,,
27-12-2018,1732,-663,48,50,56,56,16.0725,,,97.75,,7.4162,,,
28-12-2018,-120,1199,74,74,70,66,15.27,,,97.2,,7.3291,,,
31-12-2018,-327,322,78,78,74,72,16,,,97.2,,7.3293,,,
01-01-2019,,,64,68,68,62,15.325,,,97.68,,7.3295,,,
02-01-2019,-621,-226,28,40,48,52,16.387501,,,97.4,,7.347,,,
03-01-2019,-973,35,22,24,28,34,16.790001,,,97.15,,7.3473,,,
04-01-2019,-158,241,40,38,42,40,16.1625,,,97.02,,7.3211,,,
07-01-2019,-158,241,48,50,50,50,16.3025,,,97.2,,7.3212,,,
08-01-2019,-554,698,48,42,44,42,15.7,,,97.05,,7.3563,,,
09-01-2019,276,440,54,52,54,52,15.27,,,97,,7.4531,,,
10-01-2019,-345,11,58,42,46,44,15.345,,,97.35,,7.41800022,,,
11-01-2019,-687,123,42,42,42,44,15.3525,,,97.35,,7.35400009,,,
14-01-2019,-732,527,28,34,36,36,16.157499,,,97.35,,7.42700005,,,
15-01-2019,160,417,68,62,56,54,15.5825,,,97.15,,7.44799995,,,
16-01-2019,-90,304,62,56,58,56,16.077499,,,96.78,,7.5079999,,,
17-01-2019,842,-727,54,54,54,56,16.2425,,,96.78,,7.454,,,
18-01-2019,-125,-1,48,54,52,52,16.6175,,,96.78,,7.46999979,,,
21-01-2019,-300,521,36,40,48,50,18.147499,,,96.78,,7.47599983,,,
22-01-2019,-79,-84,34,42,44,44,17.985001,,,96.78,,7.50299978,,,
23-01-2019,-776,584,28,34,36,38,18.084999,,,96.78,,7.43100023,,,
24-01-2019,-94,390,34,30,34,36,17.434999,,,96.78,,7.47300005,,,
25-01-2019,689,-147,28,30,30,30,17.690001,,,96.85,,7.5630002,,,
28-01-2019,223,92,18,18,20,24,18.897499,,,97.1,,7.54899979,,,
29-01-2019,-354,81,30,22,30,30,18.4275,,,97,,7.59600019,,,
30-01-2019,130,502,48,34,32,34,17.85,,,97,,7.56899977,,,
31-01-2019,3006,-1634,74,58,52,48,17.122499,,,97,,7.53299999,,,
01-02-2019,1316,-5,80,70,58,52,15.72,,,97,,7.57700014,,,
04-02-2019,-112,-65,54,56,56,44,15.7225,,,96.35,,7.55700016,,,
05-02-2019,421,194,52,50,48,46,15.78,,,96.25,,7.546,,,
06-02-2019,695,525,80,70,64,58,15.63,,,97.2,,7.54099989,,,
07-02-2019,418,294,78,78,70,62,15.435,,,97.2,,7.5250001,,,
08-02-2019,844,-960,44,50,48,48,15.5675,,,97.2,,7.55100012,,,
11-02-2019,-125,-233,34,44,50,48,15.84,,,96.6,,7.4829998,,,
12-02-2019,-467,-123,34,40,44,46,15.75,,,97.15,,7.61000013,,,
13-02-2019,,,28,32,30,34,15.73,,,97.15,,7.67199993,,,
14-02-2019,-250,1225,20,26,28,32,15.7725,,,97.3,,7.61499977,,,
15-02-2019,-966,853,20,16,22,22,16.459999,,,96.86,,7.56500006,,,
18-02-2019,-1240,2337,16,12,14,16,18,,,96.86,,7.50099993,,,
19-02-2019,-814,1164,64,46,44,44,18.467501,,,97.3,,7.52400017,,,
20-02-2019,713,113,76,60,52,50,17.055,,,97.45,,7.52899981,,,
21-02-2019,55,202,76,68,54,50,16.0525,,,97.2,,7.53399992,,,
22-02-2019,6311,839,86,82,64,58,15.45,,,97,,7.46600008,,,
25-02-2019,2134,-1746,68,66,62,58,15.3575,,,97,,7.52099991,,,
26-02-2019,1674,-720,60,58,56,52,17.115,,,97,,7.57700014,,,
27-02-2019,423,67,58,58,54,50,18.897499,,,97,,7.57999992,,,
28-02-2019,3211,-5241,72,70,68,66,18.2775,,,97.05,,7.54500008,,,
01-03-2019,198,117,80,80,80,76,16.275,,,97.05,,7.54400015,,,
05-03-2019,752,581,80,80,78,78,15.6575,,,97.49,,7.60500002,,,
06-03-2019,1131,-878,72,78,76,80,15.61,,,97.5,,7.58400011,,,
07-03-2019,1138,-925,56,64,68,70,15.2925,,,97.1,,7.58699989,,,
08-03-2019,1095,-471,80,82,82,84,14.94,,,97.5,,7.67199993,,,
11-03-2019,3811,-1956,84,84,82,82,14.895,,,97.5,,7.59100008,,,
12-03-2019,2478,-990,68,78,82,84,15.0975,,,97.5,,7.55600023,,,
13-03-2019,2722,-1508,72,74,78,78,15.2775,,,97.5,,7.55600023,,,
14-03-2019,1483,-818,70,72,74,76,15.15,,,97.76,,7.57200003,,,
15-03-2019,4323,-2130,58,72,74,74,15.865,,,98,,7.57999992,,,
18-03-2019,1823,-1269,72,74,80,80,16.9,,,97.8,,7.53200006,,,
19-03-2019,2132,-1254,42,60,68,76,16.4925,,,97.6,,7.51200008,,,
20-03-2019,1772,-1323,42,56,64,72,16.032499,,,97.6,,7.51300001,,,
22-03-2019,1375,-675,24,40,60,62,16.275,,,97.7,,7.54799986,,,
25-03-2019,150,-13,56,60,70,74,16.672501,,,97.95,,7.55299997,,,
26-03-2019,999,-197,50,56,66,70,16.485001,,,97.8,,7.50199986,,,
27-03-2019,1481,135,58,66,70,74,17.047501,,,97.9,,7.48000002,,,
28-03-2019,3595,-2080,80,82,82,80,16.6525,,,97.8,,7.53599977,,,
29-03-2019,,,76,84,82,82,17.184999,,,97.8,,7.5170002,,,
01-04-2019,899,-1033,52,64,76,76,18.004999,,,98.1,,7.50400019,,,
02-04-2019,543,-438,42,56,70,76,18.0825,,,97.9,,7.47100019,,,
03-04-2019,-1040,-81,60,68,78,82,18.782499,,,97.5,,7.34200001,,,
04-04-2019,-226,1206,42,60,66,74,18.65,,,97.5,,7.32700014,,,
05-04-2019,798,-326,68,80,84,84,18.3925,,,97.8,,7.32299995,,,
08-04-2019,330,-624,44,56,74,84,20.1525,,,97.25,,7.34600019,,,
09-04-2019,1212,-689,56,56,66,72,20.280001,,,97.3,,7.27199984,,,
10-04-2019,1430,461,62,58,70,80,21.129999,,,97.3,,7.27099991,,,
11-04-2019,477,-17,78,80,82,84,20.9575,,,97.3,,7.34800005,,,
12-04-2019,897,-16,86,84,90,92,20.997499,,,97.3,,7.35300016,,,
15-04-2019,713,581,66,74,76,80,21.387501,,,97,,7.4000001,,,
16-04-2019,1039,37,30,50,54,70,21.692499,,,97,,7.37400007,,,
18-04-2019,1038,-338,42,48,54,58,22.735001,,,97,,7.3670001,,,
22-04-2019,73,-68,64,60,60,64,24.049999,,,97,,7.37099981,,,
23-04-2019,-237,198,42,56,58,58,24.645,,,97,,7.40899992,,,
24-04-2019,975,-657,70,70,70,78,23.7125,,,97,,7.38999987,,,
25-04-2019,3786,-4070,62,62,66,74,23.2325,,,97,,7.38999987,,,
26-04-2019,-71,921,52,56,54,56,21.717501,,,96.98,,7.42000008,,,
30-04-2019,115,730,54,56,54,60,21.827499,,,96.98,,7.47399998,,,
02-05-2019,598,-792,24,42,48,50,22.9825,,,96.98,,7.47300005,,,
03-05-2019,-401,57,16,24,38,42,24.032499,,,96.98,,7.42399979,,,
06-05-2019,-949,90,8,18,32,32,26.432501,,,96.9,,7.45100021,,,
07-05-2019,-645,819,8,14,20,24,26.477501,,,97.15,,7.40799999,,,
08-05-2019,-702,233,16,14,18,28,26.365,,,97.15,,7.41400003,,,
09-05-2019,-655,678,10,8,12,14,25.485001,,,96.9,,7.38600016,,,
10-05-2019,-1245,1057,20,10,12,16,26.334999,,,96.9,,7.3920002,,,
13-05-2019,-1056,1058,22,18,14,18,27.3825,,,96.95,,7.39400005,,,
14-05-2019,-2012,2243,44,28,30,30,27.1325,,,97.5,,7.38199997,,,
15-05-2019,-1142,672,56,50,48,44,28.657499,,,97.535,,7.375,,,
16-05-2019,-953,948,88,86,86,72,28.370001,,,97.6,,7.39699984,,,
17-05-2019,-1058,1810,70,70,64,66,28.075001,,,98.14,,7.41300011,,,
20-05-2019,1734,-543,76,76,72,66,23.674999,,,98.1,,7.38800001,,,
21-05-2019,1185,-1090,66,70,68,68,25.6525,,,98.3,,7.37799978,,,
22-05-2019,-965,-158,84,82,76,72,27.6325,,,98.4,,7.37900019,,,
23-05-2019,1352,-594,74,76,74,74,19.405001,,,98.5,,7.37699986,,,
24-05-2019,2026,-195,82,80,78,78,16.467501,,,98.6,,7.36199999,,,
27-05-2019,1215,-328,52,72,80,76,16.190001,,,98.8,,7.28599977,,,
28-05-2019,-501,269,66,74,72,74,15.9225,,,98.9,,7.30299997,,,
29-05-2019,-304,-190,62,70,70,72,16.407499,,,98.9,,7.26000023,,,
30-05-2019,1665,-1123,84,88,86,86,15.61,,,99.05,,7.23899984,,,
31-05-2019,676,394,60,66,72,80,16.067499,,,99.25,,7.22599983,,,
03-06-2019,3069,-463,40,52,58,60,15.9675,,,99.05,,7.16699982,,,
04-06-2019,-416,-355,40,50,60,62,15.6275,,,99,,7.14900017,,,
06-06-2019,-1449,-651,58,58,66,66,15.525,,,99.45,,7.125,,,
07-06-2019,-479,180,80,76,74,74,14.8575,,,98.7,,7.1329999,,,
10-06-2019,216,171,52,54,66,72,14.8575,,,99,,7.03200006,,,
11-06-2019,96,-151,62,60,64,66,14.49,,,99.1,,6.98199987,,,
12-06-2019,-1050,271,24,36,48,56,14.1225,,,99.15,,7.02199984,,,
13-06-2019,172,-445,10,16,24,32,13.66,,,99.55,,6.93100023,,,
14-06-2019,-239,376,24,22,30,38,13.895,,,99.55,,6.97399998,,,
17-06-2019,-239,376,28,24,30,40,14.65,,,99.9,,7.07700014,,,
18-06-2019,32,181,70,48,48,50,14.6,,,99.9,,7.03700018,,,
19-06-2019,-97,-105,44,38,40,44,14.73,,,100,,7.01200008,,,
20-06-2019,-438,1241,42,36,42,38,14,,,99.75,,7.00899982,,,
21-06-2019,-731,446,64,54,46,50,14.61,,,100,,6.91900015,,,
24-06-2019,207,984,72,66,60,62,15.2225,,,99.85,,6.93100023,,,
25-06-2019,1158,377,74,60,60,58,15.01,,,99.85,,6.80800009,,,
26-06-2019,106,-51,56,54,54,54,14.75,,,99.91,,6.84100008,,,
27-06-2019,-1,197,70,64,64,62,14.645,,,99.98,,6.79099989,,,
28-06-2019,-514,182,72,68,62,62,14.9525,,,99.97,,6.86100006,,,
01-07-2019,427,-51,62,66,60,58,14.6025,,,99.91,,6.85099983,,,
02-07-2019,-512,141,70,72,68,62,14.25,,,99.92,,6.88199997,,,
03-07-2019,-390,288,28,38,44,44,13.695,,,100.1,,6.93300009,,,
04-07-2019,-29,59,4,12,16,14,13.53,,,99.9,,6.89699984,,,
05-07-2019,-89,276,16,12,18,22,13.065,,,100.86,,6.87900019,,,
08-07-2019,-402,321,12,14,14,18,13.8525,,,100.85,,6.88199997,,,
09-07-2019,-674,711,40,34,32,30,13.6875,,,101.3,,6.84600019,,,
10-07-2019,-605,667,48,40,38,38,13.635,,,105.3741,,6.83300018,,,
11-07-2019,-317,720,40,32,34,28,12.47,,,105.4104,,6.75099993,,,
12-07-2019,-850,940,68,44,42,42,11.9975,,,105.81,,6.69500017,,,
15-07-2019,-216,592,60,56,54,46,12.02,,,106.55,,6.5619998,,,
16-07-2019,-445,638,34,34,28,30,11.56,,,106.45,,6.58799982,,,
17-07-2019,-17,209,6,10,14,18,11.8,,,106.14,,6.54300022,,,
18-07-2019,-1405,329,22,22,22,22,11.75,,,106.32,,6.49300003,,,
19-07-2019,-950,734,34,24,22,22,12.515,,,105.91,,6.48799992,,,
22-07-2019,-1917,1830,22,18,16,14,13.01,,,105.57,,6.43300009,,,
23-07-2019,-2608,2625,28,20,20,16,13.4275,,,105.7563,,6.33099985,,,
24-07-2019,-1394,2140,50,32,26,24,12.76,,,105.2162,,6.34499979,,,
25-07-2019,-127,399,30,26,26,26,12.635,,,105.12,,6.38700008,,,
26-07-2019,-1503,1918,18,18,20,18,12.1325,,,105.94,,6.36100006,,,
29-07-2019,,,38,30,24,26,13.0625,,,106.0934,,6.41800022,,,
30-07-2019,-645,1080,24,18,18,18,13.6125,,,106.3065,,6.46400023,,,
31-07-2019,-1497,2479,32,24,20,22,13.59,,,105.8566,,6.4380002,,,
01-08-2019,-1057,561,26,22,16,20,14.5575,,,106.3684,,6.51399994,,,
02-08-2019,-2888,2813,54,38,30,26,15.1875,,,106.09,,6.5250001,,,
05-08-2019,-2017,1871,46,38,34,30,16.584999,,,106.4948,,6.41200018,,,
06-08-2019,-2108,2289,74,58,48,40,16.120001,,,106.34,,6.38700008,,,
07-08-2019,-384,532,64,58,54,50,16.74,,,106.0628,,6.36899996,,,
08-08-2019,-437,291,26,30,26,26,16.092501,,,105.4178,,6.42299986,,,
09-08-2019,204,607,50,50,46,42,15.845,,,105.44,,6.35200024,,,
13-08-2019,-638,202,54,50,48,46,17.7775,,,105.21,,6.38999987,,,
14-08-2019,1615,1620,52,58,52,48,16.3575,,,104.336,,6.33799982,,,
16-08-2019,-1339,1058,46,44,46,44,16.647499,,,104.9334,,6.36899996,,,
19-08-2019,-306,386,28,32,34,34,16.747499,,,104.4298,,6.40199995,,,
20-08-2019,373,296,26,30,32,30,16.6325,,,104.74,,6.49399996,,,
21-08-2019,-771,354,48,48,40,38,17.022499,,,104.7124,,6.51800013,,,
22-08-2019,-903,1719,76,68,64,58,17.852501,,,104.5419,,6.61999989,,,
23-08-2019,-1737,1548,82,74,68,62,17.3475,,,105.0325,,6.53499985,,,
26-08-2019,-753,1272,62,62,58,46,16.655001,,,105.0508,,6.58099985,,,
27-08-2019,-924,1163,52,50,52,48,16.01,,,104.7016,,6.57800007,,,
28-08-2019,-935,359,66,68,56,56,16.834999,,,104.84,,6.55999994,,,
29-08-2019,-987,489,24,30,34,36,16.424999,,,104.76,,6.5539999,,,
30-08-2019,1163,1502,40,38,42,42,16.282499,,,104.76,,6.56400013,,,
03-09-2019,-2016,1251,56,56,52,48,18.055,,,105.15,,6.47200012,,,
04-09-2019,-1738,1305,76,66,62,56,17.235001,,,104.74,,6.52099991,,,
05-09-2019,-561,699,78,76,70,68,17.272499,,,104.53,,6.56400013,,,
06-09-2019,-957,1207,66,72,72,72,16.275,,,104.68,,6.54300022,,,
09-09-2019,-188,686,60,64,66,62,15.8525,,,104.68,,6.55600023,,,
11-09-2019,267,1132,74,74,72,72,15.3725,,,104.249,,6.51399994,,,
12-09-2019,784,-127,52,68,70,62,14.9,,,104.33,,6.54500008,,,
13-09-2019,-405,210,20,22,26,28,14.12,,,103.83,,6.5710001,,,
16-09-2019,-751,309,38,34,36,32,14.9525,,,103.69,,6.59700012,,,
17-09-2019,-808,86,6,14,20,24,16.0175,,,104.2325,,6.57000017,,,
18-09-2019,-959,780,80,76,76,78,15.3525,,,104.3075,,6.67399979,,,
19-09-2019,-893,646,72,76,76,76,15.55,,,103.2466,,6.65799999,,,
20-09-2019,36,3001,76,78,78,80,15.4,,,103.515,,6.63100004,,,
23-09-2019,2684,292,54,64,66,64,16.7925,,,103.3463,,6.71000004,,,
24-09-2019,-828,473,80,76,76,76,16.7325,,,103.3529,,6.72800016,,,
25-09-2019,-342,-762,60,66,68,70,16.17,,,103.6129,,6.6170001,,,
26-09-2019,737,339,50,66,74,74,16.342501,,,103.6502,,6.63399982,,,
27-09-2019,-214,459,32,42,48,52,16.115,,,103.6727,,6.78200006,,,
30-09-2019,-469,505,30,44,50,52,15.8725,,,103.9917,,6.73899984,,,
01-10-2019,-1299,1503,24,22,32,44,16.7575,,,104.01,,6.7750001,,,
03-10-2019,-811,863,16,24,38,42,17.702499,,,103.945,,6.75400019,,,
04-10-2019,-683,606,58,46,50,54,17.58,,,103.9749,,6.71000004,,,
07-10-2019,-494,905,34,40,40,50,17.83,,,103.975,,6.72900009,,,
09-10-2019,-485,956,66,60,62,62,17.155001,,,99.8998,,6.69500017,,,
10-10-2019,-263,503,70,74,70,70,17.227501,,,99.6,,6.65700006,,,
11-10-2019,750,-703,92,82,84,82,17.139999,,,99.76,,6.60599995,,,
14-10-2019,896,-425,80,78,78,78,17.43,,,99.6703,,6.67999983,,,
15-10-2019,436,929,92,88,88,86,16.85,,,99.84,,6.66900015,,,
16-10-2019,686,1577,96,94,92,92,16.360001,,,99.66,,6.65500021,,,
17-10-2019,1159,-512,80,84,90,90,15.8775,,,99.4633,,6.6789999,,,
18-10-2019,37,587,78,86,90,90,15.9275,,,99.4625,,6.72700024,,,
22-10-2019,-558,-985,66,80,86,88,16.809999,,,99.53,,6.67000008,,,
23-10-2019,-213,-137,56,66,72,74,16.535,,,99.62,,6.65999985,,,
24-10-2019,-73,-739,64,76,80,82,16.24,,,99.615,,6.76949978,,,
25-10-2019,-73,-739,78,82,82,86,15.315,,,99.6,,6.81349993,,,
27-10-2019,,,74,74,80,84,15.585,,,99.5625,,6.80550003,,,
29-10-2019,877,145,84,90,90,90,16.42,,,99.67,,6.81449986,,,
30-10-2019,7192,-186,66,76,80,84,16.657499,,,100.0404,,6.79150009,,,
31-10-2019,1871,-651,58,76,84,88,16.280001,,,99.7468,,6.79150009,,,
01-11-2019,533,-137,52,64,76,74,15.7325,,,99.7927,,6.78350019,,,
04-11-2019,-139,-500,54,68,78,82,15.925,,,99.485,,6.79250002,,,
05-11-2019,473,-1594,58,64,74,82,15.9175,,,99.7,,6.77750015,,,
06-11-2019,1011,-1117,30,48,54,58,15.775,,,99.5825,,6.75500011,,,
07-11-2019,927,-636,26,46,52,56,15.2075,,,99.1041,,6.54850006,,,
08-11-2019,932,-584,20,28,40,44,15.855,,,99.2353,,6.57600021,,,
11-11-2019,664,-245,36,32,44,44,16.25,,,99.13,,6.51399994,,,
13-11-2019,585,-890,36,42,48,50,16.4625,,,99.4,,6.48600006,,,
14-11-2019,-562,83,46,44,50,54,15.65,,,99.313,,6.50199986,,,
15-11-2019,-1008,538,46,44,50,52,15.03,,,99.91,,6.5539999,,,
18-11-2019,-271,309,56,46,50,54,15.755,,,99.8682,,6.56099987,,,
19-11-2019,-915,262,44,44,48,54,15.4125,,,99.9,,6.52799988,,,
20-11-2019,567,183,36,40,44,46,15.16,,,99.56,,6.51499987,,,
21-11-2019,5024,-248,76,64,60,60,14.975,,,99.6437,,6.51900005,,,
22-11-2019,306,-177,54,50,50,56,14.8725,,,99.8534,,6.47700024,,,
25-11-2019,961,-214,72,60,54,56,15.0025,,,99.7778,,6.47300005,,,
26-11-2019,4678,-4242,74,64,62,66,14.8375,,,99.8175,,6.45800018,,,
27-11-2019,43,440,46,52,52,58,14.6175,,,99.93,,6.50500011,,,
28-11-2019,1009,-155,34,38,40,46,13.9875,,,99.88,,6.49499989,,,
29-11-2019,-1892,954,24,36,36,38,13.8975,,,99.71,,6.46799994,,,
02-12-2019,-1731,754,48,48,56,54,14.2025,,,99.84,,6.47800016,,,
03-12-2019,-1131,964,30,36,40,42,14.5625,,,99.87,,6.46700001,,,
04-12-2019,-781,904,20,22,26,32,13.3225,,,98.82,,6.45300007,,,
05-12-2019,653,-410,30,28,28,26,14.305,,,98.45,,6.46000004,,,
06-12-2019,-868,211,20,20,22,22,13.64,,,98.435,,6.48400021,,,
09-12-2019,459,75,36,26,30,32,14.5975,,,98.155,,6.46199989,,,
10-12-2019,-367,338,64,52,48,46,14.29,,,97.8,,6.46199989,,,
11-12-2019,605,240,80,72,70,64,13.3775,,,97.65,,6.6079998,,,
12-12-2019,-684,810,54,52,46,46,13.3475,,,97.5325,,6.66099977,,,
13-12-2019,116,385,74,76,68,62,13.3,,,97.685,,6.65899992,,,
16-12-2019,728,-796,72,70,70,68,13.415,,,97.81,,6.70300007,,,
17-12-2019,1248,-908,70,74,68,68,12.5175,,,98.1447,,6.76000023,,,
18-12-2019,1837,-1268,72,74,76,74,12.3375,,,97.8502,,6.76999998,,,
19-12-2019,739,-494,68,76,72,72,12.1225,,,98.9399,,6.78200006,,,
20-12-2019,339,-285,56,70,72,72,12.325,,,99.2238,,6.79400015,,,
23-12-2019,1463,-1947,36,56,64,64,11.9575,,,99.01,,6.74399996,,,
24-12-2019,-114,-345,74,74,76,78,11.625,,,99.02,,6.70499992,,,
26-12-2019,-504,120,74,80,78,80,11.1225,,,99.57,,6.74599981,,,
27-12-2019,81,126,54,60,66,70,10.525,,,99.55,,6.59800005,,,
30-12-2019,-131,201,42,62,70,70,11.0075,,,99.24,,6.5619998,,,
31-12-2019,-1265,585,70,72,76,76,11.6675,,,99.62,,6.5710001,,,
01-01-2020,-59,208,52,56,68,72,11.5975,,,99.59,,6.57600021,,,
02-01-2020,689,64,26,36,40,44,11.49,,,99.43,,6.5,,,
03-01-2020,1263,-1029,36,38,40,42,12.695,,,99.14,,6.54400015,,,
06-01-2020,-104,-24,26,32,34,36,14.7775,,,99.3012,,6.5539999,,,
07-01-2020,-682,311,78,78,74,74,14.61,,,99.1753,,6.50099993,,,
08-01-2020,-516,748,82,80,82,82,15.64,,,99.3375,,6.50199986,,,
09-01-2020,-431,419,92,78,82,86,13.9975,,,99.0098,,6.51000023,,,
10-01-2020,578,-252,88,82,82,82,14.0775,,,98.8911,,6.56500006,,,
13-01-2020,68,47,76,78,78,82,14.275,,,98.4975,,6.55000019,,,
14-01-2020,-206,-642,72,80,82,82,13.9125,,,98.73,,6.55700016,,,
15-01-2020,280,-648,64,72,76,80,14.12,,,98.78,,6.52400017,,,
16-01-2020,-395,-185,44,54,54,58,14.1825,,,98.7685,,6.58500004,,,
17-01-2020,264,-500,26,32,38,44,14.1275,,,98.3222,,6.59200001,,,
20-01-2020,6,-1420,30,38,40,42,15.41,,,98.61,,6.66200018,,,
21-01-2020,-50,-308,52,52,52,52,15.8625,,,98.65,,6.62300014,,,
22-01-2020,-176,-326,58,58,60,60,16.360001,,,98.8608,,6.59800005,,,
23-01-2020,1352,-985,50,54,54,50,15.855,,,99.3296,,6.62200022,,,
24-01-2020,659,418,46,48,50,50,15.56,,,99.2427,,6.63899994,,,
27-01-2020,-439,11,58,56,52,54,17.174999,,,99.1125,,6.6329999,,,
28-01-2020,-1358,712,34,42,44,46,17.297501,,,99.12,,6.63500023,,,
29-01-2020,-1014,1521,24,34,40,42,16.497499,,,99.2151,,6.59600019,,,
30-01-2020,-962,292,24,26,28,32,16.797501,,,98.9518,,6.57800007,,,
31-01-2020,-4179,3816,50,48,52,52,17.3675,,,99.605,,6.55100012,,,
01-02-2020,,,64,54,56,56,16.834999,,,99.59,,6.57499981,,,
03-02-2020,-1200,1287,72,62,56,58,15.7825,,,100,,6.56799984,,,
04-02-2020,366,602,72,62,60,58,14.38,,,100.05,,6.55800009,,,
05-02-2020,249,263,42,52,48,48,14.1725,,,100.04,,6.59899998,,,
06-02-2020,-560,304,60,60,56,54,13.78,,,99.87,,6.50299978,,,
07-02-2020,162,-179,64,62,58,56,13.7475,,,99.81,,6.50400019,,,
10-02-2020,-185,-736,52,58,54,52,14.21,,,100.16,,6.50500011,,,
11-02-2020,-209,345,44,48,48,48,13.88,,,100.55,,6.4460001,,,
12-02-2020,49,339,40,42,44,46,13.6225,,,100.42,,6.43900013,,,
13-02-2020,1061,-960,24,38,40,42,13.37,,,,,6.44,,,
14-02-2020,-705,220,62,58,56,52,13.615,,,,,6.464,,,
17-02-2020,-374,-154,50,46,46,44,14.415,,,100.44,,6.473,,,
18-02-2020,-74,-309,8,12,24,26,14.51,,,100.17,,6.423,,,
19-02-2020,-191,590,12,12,20,22,14.0225,,,100.58,,6.369,,,
20-02-2020,1495,-700,6,12,12,16,13.7,,,100.57,,6.387,,,
24-02-2020,-1161,516,18,10,18,22,16.997499,,,100.57,,6.384,,,
25-02-2020,-2315,1565,0,0,2,4,16.897499,,,100.73,,6.422,,,
26-02-2020,-3337,2786,0,0,2,4,18.26,,,100.5,,6.367,,,
27-02-2020,-3127,3498,40,18,8,12,17.764999,,,100.55,,6.369,,,
28-02-2020,-1429,7621,34,22,22,18,23.235001,,,100.73,,6.346,,,
02-03-2020,-1355,1139,46,30,22,22,25.202499,,,100.76,,6.378,,,
03-03-2020,-2416,3135,22,22,18,14,24.5425,,,101.59,,6.371,,,
04-03-2020,-878,764,6,6,4,4,24.225,,,101.5,,6.346,,,
05-03-2020,-2477,2511,8,6,2,4,23.247499,,,101.89,,6.342,,,
06-03-2020,-3595,2544,0,0,0,2,25.6425,,,102.75,,6.226,,,
09-03-2020,-6596,4975,8,4,2,0,30.799999,,,102.32,,6.239,,,
11-03-2020,-3515,2835,0,0,0,0,31.555,,,101.52,,6.185,,,
12-03-2020,-3475,3918,0,0,0,0,41.162498,,,100.9,,6.066,,,
13-03-2020,-6028,5868,2,0,0,0,51.47249985,,,101.72,,6.125,,,
16-03-2020,-3810,2615,2,0,0,0,58.875,,,101.31,,6.236,,,
17-03-2020,-4045,3422,40,14,2,0,62.924999,,,101.09,,6.322,,,
18-03-2020,-5085,3636,0,0,0,0,63.955002,,,100.28,,6.208,,,
19-03-2020,-4623,4367,14,4,0,0,72.197502,,,101.35,,6.265,,,
20-03-2020,-3346,2431,46,12,6,4,67.099998,,,100.5,,6.296,,,
23-03-2020,-2989,1082,74,30,14,12,71.985001,,,101.03,,6.41,,,
24-03-2020,-2153,1554,58,28,16,10,83.607498,,,101.6,,6.259,,,
25-03-2020,-1893,738,38,20,8,8,77.625,,,101.6,,6.379,,,
26-03-2020,-485,-770,70,46,32,20,71.532501,,,102.18,,6.304,,,
27-03-2020,356,1704,34,24,16,10,70.385002,,,101.71,,6.225,,,
30-03-2020,-4364,3550,24,22,20,12,71.889999,,,102.22,,6.144,,,
31-03-2020,-3045,3576,90,76,48,38,64.407501,,,102.22,,6.209,,,
01-04-2020,-1117,-450,82,72,50,38,60.052502,,,101.02,,6.138,,,
03-04-2020,-1961,227,100,94,76,56,55.302502,,,100.25,,6.306,,,
07-04-2020,742,423,86,90,70,52,51.799999,,,100.06,,6.414,,,
08-04-2020,1943,-1758,74,80,74,66,52.2425,,,99.72,,6.441,,,
09-04-2020,1738,-466,80,78,72,60,49.744999,,,99.68,,6.49,,,
13-04-2020,-1244,-1097,88,92,86,72,51.4575,,,100.17,,6.495,,,
15-04-2020,1359,-1098,74,88,86,72,49.735001,,,100.07,,6.425,,,
16-04-2020,-2920,1321,24,46,48,40,46.095001,,,100.72,,6.44,,,
17-04-2020,-1392,534,54,60,60,52,42.592499,,,101.7,,6.347,,,
20-04-2020,-266,-789,50,66,68,56,43.455002,,,101.68,,6.209,,,
21-04-2020,-2095,-68,32,42,44,44,45.197498,,,101.59,,6.212,,,
22-04-2020,-1326,864,56,56,60,52,42.822498,,,102.77,,6.224,,,
23-04-2020,-115,338,68,64,60,58,39.23,,,102,,6.06,,,
24-04-2020,-207,-994,76,82,86,72,39.1175,,,102.1,,6.167,,,
27-04-2020,-916,1142,86,90,96,90,38.0425,,,102.21,,6.153,,,
28-04-2020,-122,389,26,38,46,48,35.355,,,102.3,,6.137,,,
29-04-2020,722,79,22,32,42,46,33.837502,,,102.4,,6.125,,,
30-04-2020,1969,579,36,44,50,52,33.987499,,,102.59,,6.11,,,
04-05-2020,-1374,-1662,30,38,44,46,43.669998,,,102.67,,6.084,,,
05-05-2020,-1059,-995,40,44,48,48,43.607498,,,102.99,,6.073,,,
06-05-2020,-494,322,56,56,56,56,41.247501,,,103.43,,6.028,,,
07-05-2020,19056,3818,64,62,62,60,39.93,,,101.99,,5.967,,,
08-05-2020,1725,-1503,82,76,70,64,38.407501,,,101.99,,6.167,,,
11-05-2020,535,-822,34,48,50,50,38.037498,,,102.02,,6.163,,,
12-05-2020,-1662,-364,36,42,48,48,38.205002,,,102.5,,6.095,,,
13-05-2020,-283,233,10,8,24,26,38.834999,,,102.78,,6.056,,,
14-05-2020,-2153,802,30,28,36,40,38.182499,,,102.6,,6.081,,,
15-05-2020,-2388,1226,66,56,52,50,38.017502,,,102.82,,6.05,,,
18-05-2020,-2513,-152,68,60,58,56,40.915001,,,102.93,,6.035,,,
19-05-2020,-1328,1660,58,56,58,58,39.452499,,,102.89,,6.041,,,
20-05-2020,-1467,2373,62,60,66,66,35.810001,,,102.94,,6.034,,,
21-05-2020,-259,402,90,84,84,82,32.985001,,,103.46,,5.961,,,
22-05-2020,-1354,-344,92,90,86,86,32.377499,,,103.36,,5.975,,,
26-05-2020,4716,2841,94,92,92,90,31.469999,,,103.29,,5.984,,,
27-05-2020,-335,2409,96,96,100,98,31.272499,,,103.25,,5.99,,,
28-05-2020,2354,145,92,94,96,98,30.0175,,,103.08,,6.013,,,
29-05-2020,1461,967,90,94,96,98,30.219999,,,102.87,,6.042,,,
01-06-2020,1575,-459,88,98,98,98,30.7425,,,103.19,,5.998,,,
02-06-2020,7498,441,94,98,98,98,30.115,,,102.95,,6.031,,,
03-06-2020,1851,-782,78,92,96,96,30.0425,,,99.94,,5.796,,,
04-06-2020,2905,-847,68,90,94,96,29.690001,,,99.75,,5.821,,,
05-06-2020,98,47,56,80,92,92,28.68,,,99.86,,5.807,,,
08-06-2020,813,-1238,14,44,78,80,29.647499,,,100.1,,5.775,,,
09-06-2020,491,-733,34,50,78,88,30.205,,,100.12,,5.772,,,
10-06-2020,-919,501,16,26,42,56,29.4375,,,100.05,,5.781,,,
11-06-2020,-805,-874,26,40,56,70,29.66,,,99.94,,5.796,,,
12-06-2020,-1311,1945,34,50,52,64,30.8225,,,99.97,,5.792,,,
15-06-2020,-2960,1076,68,72,74,78,32.577499,,,99.57,,5.846,,,
16-06-2020,-1479,1162,70,78,82,84,32.965,,,99.65,,5.835,,,
17-06-2020,-487,168,86,88,88,94,33.355,,,99.75,,5.822,,,
18-06-2020,367,1131,98,96,96,98,31.455,,,99.55,,5.849,,,
19-06-2020,1237,-881,68,82,86,90,29.965,,,99.34,,5.877,,,
22-06-2020,424,-1288,46,68,76,86,30.459999,,,99.15,,5.903,,,
23-06-2020,169,454,64,76,84,92,29.34,,,99.04,,5.918,,,
24-06-2020,1767,-1525,48,56,62,72,29.577499,,,99.24,,5.891,,,
25-06-2020,-1051,-256,42,56,64,70,29.727501,,,99.08,,5.913,,,
26-06-2020,-753,1304,52,60,70,74,28.735001,,,99.15,,5.903,,,
29-06-2020,-1937,1036,74,80,84,84,28.91,,,99.26,,5.888,,,
30-06-2020,-2000,2051,82,80,82,88,29.1175,,,99.63,,5.838,,,
01-07-2020,-1696,1377,92,92,92,92,28.1175,,,99.61,,5.841,,,
02-07-2020,-557,909,64,74,82,84,26.5075,,,99.58,,5.845,,,
03-07-2020,857,-332,52,70,74,78,25.7675,,,99.65,,5.836,,,
06-07-2020,348,263,64,74,82,86,25.1975,,,99.97,,5.792,,,
07-07-2020,830,-784,54,64,72,78,25.102501,,,100.08,,5.778,,,
08-07-2020,-995,-853,60,72,70,74,26.1,,,100.12,,5.772,,,
09-07-2020,213,-803,38,46,54,62,24.9125,,,100.21,,5.76,,,
10-07-2020,-1031,-431,40,46,50,56,24.942499,,,100.02,,5.786,,,
13-07-2020,222,-1486,54,52,60,68,25.252501,,,99.73,,5.825,,,
14-07-2020,-1566,-650,78,76,78,76,26.637501,,,99.8,,5.815,,,
15-07-2020,-222,-899,76,80,82,84,26.290001,,,99.82,,5.813,,,
16-07-2020,-1091,1660,80,86,86,90,25.362499,,,99.88,,5.805,,,
17-07-2020,697,-209,58,72,84,84,24.157499,,,99.92,,5.799,,,
20-07-2020,1710,-1522,72,80,80,82,24.7125,,,99.7,,5.829,,,
21-07-2020,2266,-727,42,66,74,78,24.4275,,,99.81,,5.814,,,
22-07-2020,1666,-1139,42,50,54,64,24.885,,,99.88,,5.805,,,
23-07-2020,1741,-932,74,70,74,78,24.639999,,,99.79,,5.817,,,
24-07-2020,410,-1003,76,82,82,84,24.535,,,99.48,,5.859,,,
27-07-2020,-453,-978,52,60,64,68,25.0175,,,99.55,,5.85,,,
28-07-2020,246,-1017,58,64,66,68,23.6425,,,99.66,,5.835,,,
29-07-2020,-353,-506,34,48,50,58,24.112499,,,99.72,,5.825,,,
30-07-2020,207,-387,58,58,64,66,24.727501,,,99.63,,5.837,,,
31-07-2020,-959,443,60,64,64,70,24.192499,,,99.63,,5.837,,,
03-08-2020,7818,-136,80,70,76,78,25.184999,,,99.66,,5.833,,,
04-08-2020,704,-666,78,76,76,80,23.815001,,,99.71,,5.826,,,
05-08-2020,-60,-426,74,80,78,80,23.567499,,,99.45,,5.862,,,
06-08-2020,637,-468,72,80,86,90,23.15,,,99.27,,5.886,,,
07-08-2020,397,-439,64,76,78,84,22.577499,,,99.22,,5.893,,,
10-08-2020,303,-505,66,76,78,80,22.51,,,99.15,,5.903,,,
11-08-2020,1014,-1416,38,52,62,64,21.360001,,,99.29,,5.884,,,
12-08-2020,351,-940,58,66,72,80,20.844999,,,99.21,,5.895,,,
13-08-2020,416,-764,80,84,88,90,20.567499,,,98.7,,5.965,,,
14-08-2020,46,-797,70,76,84,90,21.672501,,,98.63,,5.975,,,
17-08-2020,333,-718,44,54,66,76,21.307501,,,98.55,,5.986,,,
18-08-2020,1135,-379,62,66,72,74,20.43,,,98.39,,6.008,,,
19-08-2020,459,-97,60,64,74,80,19.9575,,,98.45,,6,,,
20-08-2020,-268,-672,54,60,64,72,20.6175,,,97.45,,6.14,,,
21-08-2020,410,-251,66,70,74,80,19.9375,,,96.87,,6.221,,,
24-08-2020,219,-336,66,70,74,76,19.23,,,97.33,,6.157,,,
25-08-2020,1481,-173,54,66,72,76,19.315001,,,97,,6.203,,,
26-08-2020,1581,-1195,22,30,38,48,19.3025,,,97.4,,6.147,,,
27-08-2020,1164,-809,42,42,52,52,18.895,,,97.74,,6.097,,,
28-08-2020,1004,-544,54,62,74,76,18.3475,,,97.88,,6.078,,,
31-08-2020,-3395,681,62,66,68,76,22.834999,,,98.7,,5.943,,,
01-09-2020,486,-775,22,36,40,48,21.799999,,,98.87,,5.92,,,
02-09-2020,991,-657,30,34,38,48,21.105,,,99.05,,5.896,,,
03-09-2020,8,120,22,24,32,38,20.502501,,,98.8,,5.93,,,
04-09-2020,-1889,-457,30,26,34,38,22.1525,,,98.34,,5.993,,,
07-09-2020,-7,-816,46,44,46,46,22.0075,,,97.88,,6.056,,,
08-09-2020,-1057,620,58,52,52,50,22.7225,,,98.37,,5.989,,,
09-09-2020,-959,-264,44,42,46,48,22.23,,,97.9,,6.053,,,
10-09-2020,838,-317,52,50,48,54,21.262501,,,97.99,,6.041,,,
11-09-2020,1176,-724,72,66,64,70,20.7125,,,98.06,,6.031,,,
14-09-2020,298,-120,44,54,56,56,21.190001,,,98.08,,6.029,,,
15-09-2020,1171,-896,50,50,52,54,20.5975,,,98.35,,5.992,,,
16-09-2020,265,-212,16,26,28,28,19.66,,,98.05,,6.033,,,
17-09-2020,-250,-1068,22,24,24,30,20.1,,,98.19,,6.014,,,
18-09-2020,205,-101,14,20,24,26,20.045,,,98.18,,6.016,,,
21-09-2020,-540,-518,2,4,8,10,22.1875,,,98.22,,6.01,,,
22-09-2020,-2073,879,30,22,18,22,21.41,,,98.37,,5.99,,,
23-09-2020,-3912,1629,82,60,46,44,20.99,,,98.35,,5.992,,,
24-09-2020,-1886,189,60,50,36,40,23.51,,,98.02,,6.038,,,
25-09-2020,-2080,2071,62,50,48,46,20.674999,,,97.89,,6.056,,,
28-09-2020,-27,542,78,66,66,58,19.5725,,,98.03,,6.037,,,
29-09-2020,-1457,577,80,72,64,64,19.775,,,98.19,,6.015,,,
30-09-2020,-712,409,80,80,78,74,19.530001,,,98.33,,5.996,,,
01-10-2020,1632,259,70,76,74,68,18.35,,,98.27,,6.004,,,
05-10-2020,237,-472,72,74,72,72,19.705,,,98.11,,6.026,,,
06-10-2020,1102,-935,58,70,68,68,19.635,,,98.2,,6.014,,,
07-10-2020,1094,-1129,56,62,64,64,20.059999,,,98.19,,6.015,,,
08-10-2020,978,20,46,58,56,58,20.379999,,,98.76,,5.937,,,
09-10-2020,-39,127,58,68,70,68,20.379999,,,99.04,,5.899,,,
12-10-2020,615,-1029,20,34,40,42,21.127501,,,99,,5.904,,,
13-10-2020,832,-1674,40,46,50,58,20.715,,,99.03,,5.9,,,
14-10-2020,822,-1276,52,52,54,56,20.209999,,,99.05,,5.898,,,
15-10-2020,-604,-808,50,50,52,56,22.057501,,,98.78,,5.935,,,
16-10-2020,-480,-430,58,54,52,56,21.645,,,98.74,,5.94,,,
19-10-2020,1657,-1622,48,56,60,60,21.817499,,,98.81,,5.931,,,
20-10-2020,1585,-1633,56,60,64,66,22.690001,,,98.95,,5.912,,,
21-10-2020,2108,-1634,30,40,44,50,22.915001,,,98.93,,5.915,,,
22-10-2020,1118,-2020,52,54,54,62,22.635,,,99.45,,5.844,,,
23-10-2020,907,-892,40,36,42,44,21.827499,,,99.52,,5.834,,,
26-10-2020,-119,-979,24,26,34,38,22.8325,,,99.43,,5.846,,,
27-10-2020,3515,-1571,42,40,40,46,22.195,,,99.34,,5.859,,,
28-10-2020,-1131,1,46,42,44,46,23.280001,,,99.16,,5.881,,,
29-10-2020,-421,-253,64,56,58,56,24.022499,,,99.1,,5.89,,,
30-10-2020,-871,631,76,74,68,70,24.752501,,,99.04,,5.898,,,
02-11-2020,741,-534,98,94,84,82,25.209999,,,,,5.886,,,
03-11-2020,2274,-1101,84,88,86,84,24.24,,,99.13,,5.858,,,
04-11-2020,146,-8,92,88,88,84,23.200001,,,99.33,,5.871,,,
05-11-2020,5368,-2208,70,72,72,76,20.965,,,99.24,,5.876,,,
06-11-2020,4870,-2939,82,82,82,84,20.497499,,,99.2,,5.916,,,
09-11-2020,4548,-3036,76,80,78,84,20.112499,,,98.91,,5.903,,,
10-11-2020,5627,-2309,76,80,82,84,21.577499,,,99.01,,5.903,,,
11-11-2020,6207,-3464,92,86,86,86,22.032499,,,99.01,,5.878,,,
12-11-2020,1514,-2239,76,80,82,84,20.620001,,,99.19,,5.877,,,
13-11-2020,1936,-2462,60,72,78,80,19.702499,,,99.2,,5.878,,,
14-11-2020,,,52,66,72,72,19.13,,,,,5.876,,,
17-11-2020,4905,-3829,68,78,78,82,19.8025,,,99.19,,5.877,,,
18-11-2020,3072,-2790,84,90,92,90,19.120001,,,99.21,,5.9,,,
19-11-2020,1181,-2855,94,96,94,94,19.57,,,99.2,,5.88,,,
20-11-2020,3861,-2869,42,62,76,82,19.6175,,,99.03,,5.885,,,
23-11-2020,4738,-2944,70,80,82,88,20.797501,,,99.18,,5.872,,,
24-11-2020,4563,-2522,64,74,80,82,21.057501,,,99.14,,5.911,,,
25-11-2020,24,-1840,78,86,90,94,23.127501,,,99.24,,5.93,,,
26-11-2020,2027,-3400,86,88,90,98,20.022499,,,98.96,,5.92,,,
27-11-2020,7713,-4969,86,92,92,96,19.817499,,,98.82,,5.932,,,
01-12-2020,3242,-1043,90,94,96,98,20.182501,,,98.89,,5.897,,,
02-12-2020,357,-1636,86,94,94,96,19.907499,,,98.81,,5.924,,,
03-12-2020,3637,-1440,80,94,98,100,19,,,99.06,,5.939,,,
04-12-2020,2970,-1972,82,98,100,100,18.0275,,,98.87,,5.917,,,
07-12-2020,3792,-2767,62,84,94,96,18.025,,,98.76,,5.916,,,
08-12-2020,2910,-2641,66,74,86,92,18.6175,,,98.92,,5.956,,,
09-12-2020,3564,-2493,60,72,82,88,18.92,,,98.93,,5.946,,,
10-12-2020,2260,-2275,66,74,86,92,18.7125,,,98.64,,5.941,,,
11-12-2020,4195,-2359,82,90,90,96,18.790001,,,98.71,,5.944,,,
14-12-2020,2264,-1721,70,90,94,94,19.4025,,,98.75,,5.952,,,
15-12-2020,2484,-2667,70,90,94,98,19.344999,,,98.73,,5.959,,,
16-12-2020,1982,-1718,4,22,26,38,19.200001,,,98.67,,5.957,,,
17-12-2020,2355,-2494,42,44,52,66,19.157499,,,98.62,,5.951,,,
18-12-2020,2721,-2425,62,58,68,76,18.622499,,,98.64,,5.95,,,
21-12-2020,-324,486,76,70,82,86,23.190001,,,98.68,,5.929,,,
22-12-2020,1153,-662,94,82,86,88,21.985001,,,98.69,,5.925,,,
23-12-2020,536,-1327,76,74,78,84,20.495001,,,98.84,,5.927,,,
24-12-2020,1226,-1898,80,84,90,96,19.967501,,,98.87,,5.899,,,
28-12-2020,1589,-1387,70,80,90,96,20.4275,,,98.86,,5.894,,,
29-12-2020,2350,-2011,84,84,86,94,20.790001,,,99.04,,5.898,,,
30-12-2020,1825,-587,82,86,90,92,21.110001,,,99.08,,5.858,,,
31-12-2020,1136,-258,78,82,84,86,21.094999,,,99.05,,5.85,,,
01-01-2021,506,69,72,86,84,84,19.559999,,,99.34,,5.894,,,
04-01-2021,1843,-715,64,74,80,88,20.030001,,,99.4,,5.892,,,
05-01-2021,986,-490,88,88,90,94,20.459999,,,99.08,,5.892,,,
06-01-2021,-484,-380,80,92,92,92,20.995001,,,99.1,,5.924,,,
07-01-2021,382,-990,74,84,84,90,20.615,,,99.1,,5.931,,,
08-01-2021,6030,-2373,72,76,82,86,20.639999,,,98.87,,5.947,,,
11-01-2021,3139,-2610,72,84,86,86,22.3825,,,98.82,,5.924,,,
12-01-2021,571,-1335,38,56,72,78,22.8475,,,98.71,,5.988,,,
13-01-2021,1879,-2370,20,26,44,56,23.2925,,,98.87,,5.957,,,
14-01-2021,1077,-188,50,54,64,80,23.0275,,,98.42,,5.936,,,
15-01-2021,971,-942,76,72,74,78,24.01,,,98.64,,5.942,,,
18-01-2021,651,-43,44,52,62,72,24.395,,,98.79,,5.956,,,
19-01-2021,258,-199,26,36,42,42,22.897499,,,98.75,,5.939,,,
20-01-2021,2289,-865,22,30,40,46,21.549999,,,98.65,,5.954,,,
21-01-2021,1615,-1039,22,26,30,38,22.18,,,98.77,,5.954,,,
22-01-2021,-636,-1290,12,16,20,36,22.422501,,,98.67,,5.933,,,
25-01-2021,-765,-388,8,12,14,18,23.245001,,,98.67,,5.949,,,
27-01-2021,-1688,-3,62,50,46,46,24.3925,,,98.82,,6.06,,,
28-01-2021,-3713,1737,76,64,58,60,24.290001,,,98.69,,6.127,,,
29-01-2021,-5931,2443,88,84,74,76,25.342501,,,98.45,,6.084,,,
01-02-2021,1494,-90,82,74,76,78,23.3225,,,97.97,,6.074,,,
02-02-2021,6182,-2035,72,70,70,70,23.344999,,,98.28,,6.071,,,
03-02-2021,2521,-400,88,82,82,80,23.745001,,,,,6.04,,,
04-02-2021,1937,-769,86,84,82,82,23.122499,,,,,6.075,,,
05-02-2021,1462,-1419,78,84,84,82,23.415001,,,,,6.01,,,
08-02-2021,1877,-505,82,90,84,84,23.9575,,,,,5.962,,,
09-02-2021,1301,-1756,56,72,72,76,24.27,,,98.82,,5.99,,,
10-02-2021,1787,-2076,52,60,66,68,23.952499,,,99.17,,6.022,,,
11-02-2021,944,-708,58,64,68,68,23.045,,,98.96,,6.022,,,
12-02-2021,-37,-598,56,58,60,60,22.0425,,,98.73,,6.03,,,
15-02-2021,1234,-1049,44,58,62,70,21.475,,,98.73,,6.132,,,
16-02-2021,1144,-1560,28,34,44,52,21.780001,,,98.67,,6.202,,,
17-02-2021,1008,-1283,16,22,32,38,21.504999,,,97.94,,6.172,,,
18-02-2021,903,-1217,32,36,42,46,21.5425,,,97.44,,6.147,,,
19-02-2021,119,-1175,60,54,54,54,22.25,,,97.65,,6.229,,,
22-02-2021,-893,-920,60,50,52,54,25.469999,,,97.83,,6.209,,,
23-02-2021,-1569,217,16,26,28,30,25.227501,,,,,6.236,,,
24-02-2021,28739,230,52,42,42,42,25.227501,,,,,6.238,,,
25-02-2021,188,-747,82,80,64,64,22.8925,,,97.25,,6.218,,,
26-02-2021,-8295,1500,96,92,86,78,28.1425,,,97.39,,6.232,,,
01-03-2021,125,-195,76,78,78,70,25.625,,,97.2,,6.223,,,
02-03-2021,2053,-854,38,48,50,52,23.605,,,97.19,,6.206,,,
03-03-2021,2089,393,52,56,54,58,22.09,,,97.33,,6.247,,,
04-03-2021,-223,-788,54,56,58,66,24.15,,,97.23,,6.232,,,
05-03-2021,-2014,-1191,72,74,74,78,25.559999,,,97.3,,6.201,,,
08-03-2021,-1494,484,40,54,58,60,24.674999,,,97.42,,6.18,,,
09-03-2021,2802,1250,40,46,56,58,22.495001,,,97.13,,6.185,,,
10-03-2021,-16,448,44,44,54,54,20.747499,,,97.24,,6.202,,,
12-03-2021,-943,-164,22,26,34,38,21.7075,,,97.46,,6.193,,,
15-03-2021,-1101,-750,12,14,20,26,21.227501,,,97.61,,6.18,,,
16-03-2021,1692,-1169,38,34,38,38,20.190001,,,97.57,,6.144,,,
17-03-2021,2626,-562,56,46,44,44,20.157499,,,97.45,,6.152,,,
18-03-2021,1258,-1116,60,46,44,44,20.08,,,97.52,,6.131,,,
19-03-2021,1418,560,26,28,34,38,19.987499,,,97.61,,6.123,,,
22-03-2021,-787,543,10,10,8,10,20.4925,,,97.87,,6.143,,,
23-03-2021,-108,-530,42,30,26,26,20.665001,,,97.81,,6.177,,,
24-03-2021,-1952,613,78,70,58,56,22.455,,,97.96,,6.123,,,
25-03-2021,-3384,2268,64,52,46,52,22.6975,,,98.02,,6.122,,,
26-03-2021,-50,1703,92,76,70,60,20.65,,,97.88,,6.082,,,
30-03-2021,769,2181,44,54,50,48,20.485001,,,97.64,,6.031,,,
31-03-2021,-1686,2082,52,54,56,56,20.645,,,98.02,,6.017,,,
01-04-2021,149,-297,74,62,60,58,19.987499,,,98.02,,6.01100016,,,
05-04-2021,-932,75,76,64,60,60,21.215,,,98.03,,6.12599993,,,
06-04-2021,-1093,417,58,60,60,60,20.84,,,98.32,,6.08799982,,,
07-04-2021,227,381,18,32,36,38,20.247499,,,98.68,,6.08099985,,,
08-04-2021,111,553,30,32,40,42,20.3125,,,98.78,,6.07399988,,,
09-04-2021,-654,-271,42,40,46,42,19.785,,,98.83,,6.05000019,,,
12-04-2021,-1746,233,62,50,54,54,22.995001,,,98.01,,6.03499985,,,
13-04-2021,-731,244,22,28,30,32,20.459999,,,98.01,,6.03800011,,,
15-04-2021,980,-527,32,28,30,38,20.889999,,,98.28,,6.05499983,,,
16-04-2021,438,658,44,36,34,32,20.4025,,,98.33,,6.05299997,,,
19-04-2021,-1634,2356,50,36,32,32,22.485001,,,98.38,,6.05900002,,,
20-04-2021,-1082,1323,54,44,42,38,22.424999,,,98.55,,6.03000021,,,
22-04-2021,-910,850,76,64,56,50,23.025,,,98.62,,6.00099993,,,
23-04-2021,-1361,1696,76,72,72,68,22.690001,,,98.62,,6.01499987,,,
26-04-2021,-1112,1023,74,72,68,58,23.495001,,,98.62,,5.97800016,,,
27-04-2021,-1455,1463,44,52,52,52,23.0825,,,98.62,,5.97399998,,,
28-04-2021,766,436,56,58,58,56,22.58,,,98.62,,6.01499987,,,
29-04-2021,809,-942,38,52,56,56,23.305,,,98.62,,6.01399994,,,
30-04-2021,-3465,1419,64,60,54,56,23.0275,,,98.62,,6.0079999,,,
03-05-2021,-2289,553,72,68,68,64,23.692499,,,98.62,,6.01000023,,,
04-05-2021,-1772,987,86,76,70,66,23.01,,,98.62,,5.98600006,,,
05-05-2021,-1111,-241,86,82,80,78,21.9625,,,98.62,,5.97200012,,,
06-05-2021,1223,-633,62,68,70,68,22.035,,,98.62,,5.97599983,,,
07-05-2021,-1143,1468,36,48,52,54,20.8225,,,98.62,,5.9749999,,,
10-05-2021,584,-476,26,42,54,56,20.225,,,98.62,,5.96799994,,,
11-05-2021,-336,-677,56,70,74,72,19.83,,,98.62,,5.97700024,,,
12-05-2021,-1261,-704,74,80,82,78,20.08,,,98.62,,5.972,,,
14-05-2021,-2608,613,76,82,84,84,20.2675,,,98.62,,5.972,,,
17-05-2021,-2256,1948,52,64,70,72,19.6075,,,98.62,,5.987,,,
18-05-2021,618,450,70,74,82,84,19.24,,,98.62,,6.003,,,
19-05-2021,-698,-853,70,76,78,82,19.317499,,,99.15,,6.024,,,
20-05-2021,71,-876,74,76,80,80,19.6525,,,99.09,,6.025,,,
21-05-2021,510,649,70,70,76,80,19.08,,,99.12,,6.005,,,
24-05-2021,585,-708,72,76,76,84,19.129999,,,99.12,,5.997,,,
25-05-2021,960,-564,72,76,78,86,18.842501,,,,,6.028,,,
26-05-2021,242,-439,88,86,90,88,20.872499,,,99.02,,6.022,,,
27-05-2021,-661,112,78,84,86,86,19.91,,,98.9,,6.006,,,
28-05-2021,914,1275,70,90,94,94,17.4025,,,96.3999,,6.016,,,
31-05-2021,2412,180,82,90,92,94,16.885,,,96.291,,6.019,,,
01-06-2021,-450,230,70,82,84,90,17.387501,,,96.2512,,6.006,,,
02-06-2021,921,242,78,86,94,94,17.209999,,,96.3104,,6.004,,,
03-06-2021,1079,-279,74,82,92,98,15.745,,,96.3582,,6.04,,,
04-06-2021,1499,-1175,54,72,78,86,15.94,,,96.417,,6.045,,,
07-06-2021,-186,984,74,90,90,96,15.5675,,,96.4558,,6.019,,,
08-06-2021,1423,-1627,70,84,96,98,15.225,,,96.4821,,6.006,,,
09-06-2021,-846,-272,66,76,82,88,14.7525,,,96.6,,6.029,,,
10-06-2021,1330,-575,70,80,90,92,15.0025,,,96.7179,,6.025,,,
11-06-2021,19,666,40,58,70,80,14.1025,,,96.661,,6.018,,,
14-06-2021,-504,544,26,42,46,62,14.715,,,96.3462,,6.012,,,
15-06-2021,634,-649,34,36,46,50,14.605,,,96.0073,,6.028,,,
16-06-2021,-870,-874,46,44,50,62,14.865,,,95.8969,,6.056,,,
17-06-2021,-880,45,50,48,58,66,15.2875,,,96.55,,6.036,,,
18-06-2021,2681,446,34,34,50,54,14.7975,,,98.72,,6.051,,,
21-06-2021,-1245,138,56,50,54,60,15.06,,,98.75,,6.039,,,
22-06-2021,-1028,302,70,70,66,70,14.7375,,,98.8,,6.065,,,
23-06-2021,3157,1317,62,64,70,76,15.365,,,98.84,,6.088,,,
24-06-2021,-2891,1139,44,58,64,68,15.0975,,,98.73,,6.175,,,
25-06-2021,-679,1833,28,40,50,62,13.3675,,,98.53,,6.164,,,
28-06-2021,-1659,1277,38,44,46,52,13.4025,,,98.67,,6.124,,,
29-06-2021,117,1810,46,44,46,54,13.0025,,,98.57,,6.186,,,
30-06-2021,-1647,1520,70,66,66,74,13.045,,,98.65,,6.22,,,
01-07-2021,-1245,881,54,50,56,56,12.84,,,98.47,,6.103,,,
02-07-2021,-983,930,60,60,60,62,12.09,,,98.31,,6.109,,,
05-07-2021,-338,646,32,38,42,54,12.0675,,,97.7,,6.117,,,
06-07-2021,-543,521,38,42,44,56,12.275,,,97.78,,6.13,,,
07-07-2021,533,-232,42,48,46,50,12.2125,,,98.06,,6.127,,,
08-07-2021,-555,-949,56,54,58,62,13.56,,,97.63,,6.119,,,
09-07-2021,-1125,107,62,64,64,64,12.9425,,,97.39,,6.138,,,
12-07-2021,-746,447,62,64,62,62,12.9925,,,99.98,,6.165,,,
13-07-2021,114,344,60,64,68,66,12.6225,,,99.93,,6.169,,,
14-07-2021,-1304,1336,40,50,52,52,12.59,,,99.87,,6.178,,,
15-07-2021,-265,439,26,26,26,34,12.27,,,99.78,,6.188,,,
16-07-2021,-466,666,60,56,52,54,11.705,,,99.8,,6.198,,,
19-07-2021,-2199,1048,64,54,56,60,12.68,,,99.86,,6.204,,,
20-07-2021,-2835,873,54,56,58,60,13.205,,,99.72,,6.197,,,
22-07-2021,-248,943,38,46,48,50,11.885,,,99.52,,6.2,,,
23-07-2021,-163,2188,42,40,40,44,11.7625,,,99.49,,6.199,,,
26-07-2021,-2377,1551,50,44,46,46,12.45,,,99.42,,6.207,,,
27-07-2021,-1459,730,52,42,42,44,13.2325,,,99.35,,6.234,,,
28-07-2021,-2275,921,76,62,60,56,13.6925,,,99.28,,6.221,,,
29-07-2021,-866,2046,94,88,80,74,12.945,,,99.23,,6.233,,,
30-07-2021,-3848,2957,90,84,82,80,12.8025,,,99.28,,6.236,,,
02-08-2021,-1540,1506,70,76,74,72,12.805,,,99.26,,6.226,,,
03-08-2021,2117,-299,68,82,72,68,13.7475,,,99.27,,6.241,,,
04-08-2021,2829,-411,58,62,64,68,13.2125,,,99.21,,6.234,,,
05-08-2021,-720,732,46,50,58,58,12.8725,,,99.01,,6.228,,,
06-08-2021,-69,-631,54,58,60,64,12.6075,,,99.11,,6.234,,,
09-08-2021,212,-716,64,68,70,72,12.605,,,99.02,,6.243,,,
10-08-2021,-179,689,68,66,68,70,12.705,,,99,,6.25,,,
11-08-2021,238,206,62,68,70,72,12.7125,,,99.07,,6.241,,,
12-08-2021,-212,308,62,62,64,64,12.3725,,,98.96,,6.251,,,
13-08-2021,820,150,58,62,60,66,12.99,,,,,6.254,,,
16-08-2021,-1088,506,32,38,44,46,13.4575,,,99.01,,6.225,,,
17-08-2021,-344,266,38,38,40,42,13.4125,,,99.06,,6.215,,,
18-08-2021,-595,-729,58,54,56,60,12.905,,,99.01,,6.199,,,
20-08-2021,-2287,119,56,50,56,58,14.015,,,98.95,,6.171,,,
23-08-2021,-1363,1453,52,50,50,52,13.685,,,98.9,,6.156,,,
24-08-2021,-1645,2380,68,58,60,62,13.1875,,,98.96,,6.173,,,
25-08-2021,-1072,-151,92,90,80,78,13.4975,,,98.89,,6.195,,,
26-08-2021,-1974,1055,90,86,88,82,13.5375,,,98.87,,6.188,,,
27-08-2021,-779,1646,86,86,86,78,13.405,,,99.08,,6.178,,,
30-08-2021,1203,689,92,88,88,84,13.3175,,,99.15,,6.192,,,
31-08-2021,3881,-1872,96,92,94,88,14.52,,,99.27,,6.198,,,
01-09-2021,667,-1288,88,92,92,90,14.185,,,99.47,,6.163,,,
02-09-2021,349,382,66,88,92,86,14.24,,,99.58,,6.169,,,
03-09-2021,769,669,62,76,88,88,14.5425,,,99.46,,6.167,,,
06-09-2021,-589,547,64,80,80,86,15.105,,,99.3,,6.138,,,
07-09-2021,-145,-137,64,78,84,86,14.895,,,99.35,,6.122,,,
08-09-2021,-803,1,72,80,84,84,14.41,,,99.42,,6.138,,,
09-09-2021,423,704,78,86,92,94,13.9425,,,99.32,,6.14,,,
13-09-2021,1419,-560,70,84,86,90,14.025,,,99.28,,6.181,,,
14-09-2021,1650,-310,60,70,80,82,13.575,,,99.53,,6.209,,,
15-09-2021,233,168,30,46,60,66,13.73,,,99.49,,6.228,,,
16-09-2021,1622,-795,46,56,70,76,14.4125,,,99.5,,6.206,,,
17-09-2021,1553,-1399,54,60,66,72,15.2325,,,99.71,,6.223,,,
20-09-2021,93,-1627,76,74,76,76,17.4925,,,99.83,,6.244,,,
21-09-2021,1042,2168,62,62,68,76,16.52,,,99.71,,6.248,,,
22-09-2021,-1943,1850,58,60,70,70,16.4925,,,99.7,,6.26,,,
23-09-2021,358,1173,44,54,60,62,16.602501,,,99.4,,6.276,,,
24-09-2021,442,-516,40,50,60,66,16.922501,,,99.2,,6.267,,,
27-09-2021,-595,1398,40,44,52,52,18.0525,,,99.06,,6.318,,,
28-09-2021,-1958,161,36,42,50,54,18.535,,,99.22,,6.34,,,
29-09-2021,-1446,3262,50,50,60,62,18.8375,,,99.1,,6.326,,,
30-09-2021,-2226,97,74,58,64,66,18.4025,,,98.95,,6.314,,,
01-10-2021,131,-613,26,36,40,52,17.209999,,,98.92,,6.328,,,
04-10-2021,861,228,60,54,56,60,16.735001,,,98.83,,6.387,,,
05-10-2021,-1915,1868,58,62,58,62,16.397499,,,98.72,,6.373,,,
06-10-2021,-803,-999,72,70,68,70,17.3325,,,98.78,,6.338,,,
07-10-2021,-1764,2529,72,72,70,72,16.155001,,,98.42,,6.364,,,
08-10-2021,-64,-168,78,76,76,78,15.6525,,,98.26,,6.35,,,
11-10-2021,-1303,-373,74,78,76,78,16.084999,,,98.36,,6.362,,,
12-10-2021,-278,-741,70,74,74,74,15.8475,,,98.45,,6.336,,,
13-10-2021,937,-432,44,64,66,70,16.1,,,98.35,,6.367,,,
14-10-2021,1682,-1751,34,48,56,60,15.7675,,,97.93,,6.388,,,
18-10-2021,512,-1704,30,42,50,60,17.184999,,,98.03,,6.387,,,
19-10-2021,-506,-2578,24,26,38,46,17.3825,,,,,6.36,,,
20-10-2021,-1843,-1681,14,20,30,36,18.3125,,,98.28,,6.357,,,
21-10-2021,-2819,428,46,40,40,42,18.035,,,98.1,,6.301,,,
22-10-2021,-2698,1030,46,44,42,46,17.545,,,98.2,,6.293,,,
25-10-2021,-2459,2390,16,24,24,28,17.610001,,,98.11,,6.336,,,
26-10-2021,-2369,1385,20,22,20,22,16.752501,,,98.3,,6.367,,,
27-10-2021,-1913,472,52,40,36,38,16.827499,,,98.08,,6.368,,,
28-10-2021,-3819,837,44,36,32,32,17.9125,,,97.93,,6.342,,,
29-10-2021,-5143,4343,42,34,38,40,17.424999,,,97.94,,6.364,,,
01-11-2021,-202,116,72,52,46,46,17.235001,,,98.13,,6.361,,,
02-11-2021,245,-6,84,74,68,60,17.0625,,,98.15,,6.345,,,
03-11-2021,-401,196,76,62,60,58,16.125,,,98.55,,6.351,,,
04-11-2021,-328,38,60,64,52,50,15.7475,,,,,6.364,,,
08-11-2021,-861,1912,42,40,38,38,16.34,,,98.61,,6.367,,,
09-11-2021,-2445,1418,68,62,58,56,16.002501,,,98.3,,6.367,,,
10-11-2021,-470,767,64,66,64,60,16.305,,,98.08,,6.33,,,
11-11-2021,-1637,446,52,58,58,60,16.352501,,,98.08,,6.335,,,
12-11-2021,511,851,40,42,50,52,15.2175,,,98.26,,6.326,,,
15-11-2021,425,1525,16,26,26,32,15.465,,,98.11,,6.353,,,
16-11-2021,-561,577,8,12,14,16,15.195,,,98.13,,6.352,,,
17-11-2021,-344,-61,20,18,20,24,14.98,,,98.24,,6.369,,,
18-11-2021,-3931,1886,26,16,14,14,14.8575,,,98.2,,6.359,,,
22-11-2021,-3439,2051,30,24,20,22,17.52,,,98.11,,6.391,,,
23-11-2021,-4477,1412,12,12,14,16,18.014999,,,98.09,,6.347,,,
24-11-2021,-5123,3810,16,16,12,14,17.094999,,,98.09,,6.348,,,
25-11-2021,-2301,1368,26,16,14,14,16.6625,,,98.35,,6.37,,,
26-11-2021,-5786,2294,42,24,24,20,20.8025,,,98.32,,6.37,,,
29-11-2021,-3332,4611,74,44,36,34,20.83,,,98.38,,6.356,,,
30-11-2021,-5445,5350,42,30,22,22,21.1675,,,98.19,,6.364,,,
01-12-2021,-2766,3467,6,2,6,6,19.4475,,,98.2,,6.374,,,
02-12-2021,-910,1373,50,40,26,24,18.0875,,,98.08,,6.411,,,
03-12-2021,-3356,1649,86,70,58,46,18.455,,,98.15,,6.435,,,
06-12-2021,-3361,1702,76,74,60,54,20.077499,,,97.93,,6.468,,,
07-12-2021,-2585,2606,70,68,60,58,18.459999,,,98.24,,6.464,,,
08-12-2021,-579,1736,52,52,50,44,17.264999,,,98.23,,6.46,,,
09-12-2021,-1586,783,50,56,48,42,16.602501,,,98.08,,6.462,,,
10-12-2021,-1092,387,28,26,24,28,16.059999,,,98.08,,6.465,,,
13-12-2021,-2743,1351,42,40,40,36,16.57,,,98.18,,6.478,,,
14-12-2021,-763,425,14,16,20,22,16.952499,,,98.12,,6.461,,,
15-12-2021,-3407,1553,8,14,10,10,17.217501,,,98.05,,6.469,,,
16-12-2021,-1469,1533,28,22,24,24,15.895,,,97.8,,6.454,,,
17-12-2021,-2070,1479,52,40,32,30,16.3375,,,97.63,,6.462,,,
20-12-2021,-3565,2764,86,48,38,32,18.965,,,97.4,,6.518,,,
21-12-2021,-1210,1405,46,42,32,32,17.5375,,,97.43,,6.508,,,
22-12-2021,-827,1593,54,42,38,34,16.58,,,97.46,,6.525,,,
23-12-2021,-272,1196,90,72,58,48,15.825,,,97.45,,6.542,,,
24-12-2021,-715,-43,78,66,58,48,16.147499,,,97.43,,6.59,,,
27-12-2021,-1038,956,66,60,48,46,17.1175,,,97.34,,6.57,,,
28-12-2021,207,567,90,86,76,70,16.475,,,97.46,,6.593,,,
29-12-2021,-975,1007,94,98,94,92,16.2425,,,97.4,,6.561,,,
30-12-2021,-986,578,96,98,96,92,16.565001,,,97.51,,6.582,,,
31-12-2021,575,1166,80,92,92,92,16.2225,,,97.453,,6.636,,,
03-01-2022,903,803,58,74,80,84,16.452499,,,97.07,,6.627,,,
04-01-2022,1274,533,70,76,82,82,16.120001,,,97.14,,6.598,,,
05-01-2022,337,1272,76,82,84,88,17.227501,,,97.02,,6.608,,,
06-01-2022,-1927,801,82,84,84,88,17.977501,,,96.91,,6.62,,,
07-01-2022,496,-116,74,82,86,88,17.602501,,,96.58,,6.652,,,
10-01-2022,-124,482,82,84,88,92,17.6775,,,96.72,,6.662,,,
11-01-2022,112,379,78,84,86,86,17.7575,,,96.56,,6.746,,,
12-01-2022,-1002,1332,68,76,76,82,17.182501,,,96.78,,6.768,,,
13-01-2022,-1391,1065,26,56,64,66,16.705,,,96.64,,6.684,,,
14-01-2022,-1598,371,24,42,54,56,16.555,,,96.27,,6.828,,,
17-01-2022,-855,-115,26,38,44,50,16.764999,,,96.33,,6.88,,,
18-01-2022,-1255,-220,10,16,24,34,17.780001,,,99.58,,6.889,,,
19-01-2022,-2705,-195,8,8,8,14,17.817499,,,99.51,,6.879,,,
20-01-2022,-4680,769,26,22,24,28,17.790001,,,99.42,,6.81,,,
21-01-2022,-3149,269,24,26,24,28,18.887501,,,99.19,,6.798,,,
24-01-2022,-3752,75,34,28,28,34,22.825001,,,99.12,,6.725,,,
25-01-2022,-7094,4535,52,34,36,38,21.3575,,,98.52,,6.698,,,
27-01-2022,-6267,2881,84,58,54,54,21.065001,,,98.36,,6.667,,,
28-01-2022,-5045,3359,86,80,76,70,20.695,,,98.96,,6.673,,,
31-01-2022,-3624,3649,66,54,52,46,21.952499,,,97.94,,6.686,,,
01-02-2022,-22,1598,50,52,46,50,19.977501,,,97.57,,6.674,,,
02-02-2022,-184,426,18,26,28,30,18.65,,,97.51,,6.663,,,
03-02-2022,-1598,-371,30,32,26,32,19.16,,,97.58,,6.693,,,
04-02-2022,-2268,622,72,64,48,46,18.897499,,,98.07,,6.749,,,
07-02-2022,-1157,-1376,86,76,62,56,20.4375,,,98.15,,6.739,,,
08-02-2022,-1968,1115,34,38,36,38,19.684999,,,98.67,,6.759,,,
09-02-2022,-893,1793,0,4,8,14,18.555,,,,,6.749,,,
10-02-2022,-1733,2727,70,54,52,48,17.709999,,,98.86,,6.77,,,
11-02-2022,109,-697,62,52,54,46,18.68,,,99.08,,6.814,,,
14-02-2022,-4254,2170,54,42,44,48,22.977501,,,99.04,,6.826,,,
15-02-2022,-2299,4412,42,42,38,40,20.612499,,,98.95,,6.813,,,
16-02-2022,-1891,1180,32,26,26,20,20.592501,,,99.03,,6.888,,,
17-02-2022,-1242,901,28,26,22,20,22.004999,,,99.11,,6.895,,,
18-02-2022,-2530,1929,24,24,22,24,22.165001,,,98.9,,6.845,,,
21-02-2022,-2262,2393,0,0,0,0,22.9025,,,98.5,,6.809,,,
22-02-2022,-3246,4109,26,16,10,10,26.6625,,,98.57,,6.855,,,
23-02-2022,-3417,3024,52,34,24,18,24.5425,,,98.43,,6.854,,,
24-02-2022,-6448,7668,40,30,26,16,31.9825,,,98.5,,6.821,,,
25-02-2022,-4471,4318,42,38,32,28,26.74,,,98.35,,6.788,,,
28-02-2022,-3948,4143,30,30,28,22,28.57,,,98.04,,6.778,,,
02-03-2022,-4339,3062,30,28,26,28,29.2325,,,97.96,,6.781,,,
03-03-2022,-6645,4799,38,38,34,32,28.155001,,,98.05,,6.831,,,
04-03-2022,-7631,4739,56,42,44,40,27.9575,,,97.53,,6.831,,,
07-03-2022,-7482,5331,90,66,54,48,29.33,,,97.48,,6.834,,,
08-03-2022,-8143,6490,80,72,56,50,28.5875,,,97.83,,6.811,,,
09-03-2022,-4819,3276,86,78,66,62,27.467501,,,98.08,,6.836,,,
10-03-2022,-1981,946,52,54,44,44,25.5825,,,97.76,,6.821,,,
11-03-2022,-2264,1687,88,86,78,68,25.344999,,,97.77,,6.784,,,
14-03-2022,-177,1099,92,94,98,90,25.6775,,,98,,6.843,,,
15-03-2022,-1250,98,72,84,72,66,26.73,,,98.23,,6.898,,,
16-03-2022,312,773,86,88,88,84,24.1175,,,98.3,,6.899,,,
17-03-2022,2800,-678,74,84,80,68,22.610001,,,98.28,,6.917,,,
21-03-2022,-2962,253,56,78,76,70,24.622499,,,97.93,,6.914,,,
22-03-2022,384,-602,50,66,68,66,24.07,,,97.93,,7.119,,,
23-03-2022,481,-294,52,66,68,64,24.747499,,,97.91,,7.149,,,
24-03-2022,-1741,2091,68,74,72,68,23.93,,,98.07,,7.189,,,
25-03-2022,-1507,1373,70,80,80,78,23.43,,,97.9,,7.215,,,
28-03-2022,-801,1162,62,72,78,74,22.610001,,,98,,7.153,,,
29-03-2022,35,1713,78,82,82,84,21.3025,,,98.26,,7.151,,,
30-03-2022,1357,1216,90,86,88,90,20.610001,,,97.85,,7.105,,,
31-03-2022,3089,1145,86,90,88,92,20.559999,,,97.47,,7.144,,,
01-04-2022,1910,-184,70,80,84,84,18.434999,,,97.47,,7.167,,,
04-04-2022,1152,1675,56,70,76,76,17.907499,,,97.46,,7.043,,,
05-04-2022,375,105,72,78,80,78,18.487499,,,97.34,,7.053,,,
06-04-2022,-2280,623,62,76,74,76,19.022499,,,97.36,,7.083,,,
07-04-2022,-5010,1775,42,56,60,64,18.997499,,,95.96,,7.155,,,
08-04-2022,-575,-17,46,52,56,62,17.6875,,,95.76,,7.139,,,
11-04-2022,-1145,487,44,50,56,60,18.27,,,95.49,,7.119,,,
12-04-2022,-3128,870,16,22,38,48,18.157499,,,95.32,,7.378,,,
13-04-2022,-2061,1411,40,50,56,68,17.785,,,95.74,,7.403,,,
18-04-2022,-6387,3342,64,66,66,68,19.334999,,,95.75,,7.451,,,
19-04-2022,-5872,3981,38,40,44,56,19.775,,,96.06,,7.465,,,
20-04-2022,-3009,2646,14,16,20,26,18.672501,,,95.8,,7.301,,,
21-04-2022,-714,2823,44,44,46,56,17.852501,,,95.65,,7.215,,,
22-04-2022,-2462,1602,28,32,34,36,18.352501,,,96.49,,7.244,,,
25-04-2022,-3303,1870,70,58,54,60,21.2575,,,96.42,,7.318,,,
26-04-2022,-1174,1644,34,32,38,40,19.1875,,,96.22,,7.366,,,
27-04-2022,-4065,1918,40,42,42,42,20.605,,,95.73,,7.355,,,
28-04-2022,743,781,12,12,20,28,19.377501,,,95.84,,7.32,,,
29-04-2022,-3648,3490,24,18,18,20,19.415001,,,95.98,,7.359,,,
02-05-2022,-1853,1951,16,16,14,16,20.282499,,,94.25,,7.386,,,
04-05-2022,-3288,1338,12,10,12,14,21.877501,,,94.09,,7.359,,,
05-05-2022,-2075,2229,20,10,8,12,20.2925,,,93.78,,7.305,,,
06-05-2022,-5517,3015,12,8,10,10,21.25,,,93.69,,7.294,,,
09-05-2022,-3362,3077,0,0,2,2,22.032499,,,94.77,,7.35,,,
10-05-2022,-3961,2958,24,10,10,10,22.3025,,,95.34,,7.409,,,
11-05-2022,-3609,4181,22,20,18,16,22.8025,,,95.15,,7.415,,,
12-05-2022,-5256,4816,86,50,34,32,24.264999,,,94.66,,7.414,,,
13-05-2022,-3780,3170,72,50,38,32,23.485001,,,,,7.434,,,
16-05-2022,-1789,1428,16,16,16,14,24.5275,,,94.35,,7.456,,,
17-05-2022,-2192,2294,72,58,42,36,22.7425,,,94.42,,7.5,,,
18-05-2022,-1255,376,62,48,40,38,22.295,,,94.65,,7.518,,,
19-05-2022,-4900,3226,46,42,36,34,24.557501,,,94.4,,7.494,,,
20-05-2022,-1265,2149,42,40,40,36,23.1,,,94.22,,7.496,,,
23-05-2022,-1951,1445,52,46,46,44,23.397499,,,94.4,,7.519,,,
24-05-2022,-2393,1948,68,58,48,44,25.635,,,94.76,,7.604,,,
25-05-2022,-1803,2230,86,82,72,62,25.282499,,,94.83,,7.581,,,
26-05-2022,-1598,2906,90,80,76,66,22.717501,,,94.47,,7.592,,,
27-05-2022,-1943,2727,70,70,62,48,21.48,,,94.08,,7.617,,,
30-05-2022,502,1524,76,74,66,62,19.98,,,94.04,,7.546,,,
31-05-2022,-1004,1845,46,50,50,46,20.477501,,,94.05,,7.427,,,
01-06-2022,-1930,984,46,60,52,48,20.844999,,,93.92,,7.482,,,
02-06-2022,-452,131,26,34,36,38,20.32,,,93.78,,7.396,,,
03-06-2022,-3771,2361,28,36,36,36,19.975,,,93.5,,7.419,,,
06-06-2022,-2398,1940,50,46,48,48,20.202499,,,93.38,,7.444,,,
07-06-2022,-2294,1311,30,30,32,32,20.424999,,,93.54,,7.407,,,
08-06-2022,-2484,1904,8,8,12,16,19.8375,,,93.53,,7.466,,,
09-06-2022,-1513,1625,16,10,8,14,19.139999,,,93.38,,7.459,,,
10-06-2022,-3974,2831,22,18,16,14,19.575001,,,92.84,,7.45,,,
13-06-2022,-4164,2815,6,2,4,6,22.365,,,92.99,,7.424,,,
14-06-2022,-4502,3808,4,2,0,0,21.887501,,,92.92,,7.374,,,
15-06-2022,-3531,2588,20,8,8,6,22.147499,,,92.76,,7.391,,,
16-06-2022,-3258,1929,64,30,24,20,22.8675,,,93.22,,7.294,,,
17-06-2022,-7819,6087,30,16,10,8,22.7575,,,93.99,,7.356,,,
20-06-2022,-1217,2093,52,42,30,26,22.4125,,,93.64,,7.415,,,
21-06-2022,-2701,3066,70,52,42,36,21.1425,,,94.2,,7.427,,,
22-06-2022,-2921,1859,92,66,60,50,21.299999,,,94.05,,7.391,,,
23-06-2022,-2319,2438,84,76,62,56,20.879999,,,93.89,,7.337,,,
24-06-2022,-2354,2213,60,56,50,52,20.549999,,,94.13,,7.384,,,
27-06-2022,-1278,1184,50,50,46,40,21.004999,,,93.75,,7.438,,,
28-06-2022,-1244,1206,72,58,54,52,21.450001,,,93.8,,7.437,,,
29-06-2022,-851,847,68,70,58,56,21.9,,,93.86,,7.434,,,
30-06-2022,-1138,1378,62,70,62,54,21.84,,,94.03,,7.449,,,
01-07-2022,-2325,1311,80,80,74,68,21.25,,,94.36,,7.44,,,
04-07-2022,-2150,1688,90,88,82,82,20.9725,,,94.25,,7.414,,,
05-07-2022,1296,-258,86,86,86,80,20.7875,,,94.88,,7.391,,,
06-07-2022,-330,1464,82,78,78,78,20.2675,,,94.48,,7.367,,,
07-07-2022,-925,981,60,70,72,72,19.202499,,,94.1,,7.338,,,
08-07-2022,-109,35,58,76,72,68,18.395,,,94.02,,7.332,,,
11-07-2022,-171,-297,56,64,70,68,18.3675,,,94.26,,7.32,,,
12-07-2022,-1566,141,64,62,68,68,18.547501,,,94.61,,7.24,,,
13-07-2022,-2840,1799,88,88,82,80,18.52,,,94.31,,7.196,,,
14-07-2022,309,-556,86,82,84,82,18.34,,,93.96,,7.242,,,
15-07-2022,-1649,1059,92,96,94,92,17.5975,,,93.97,,7.157,,,
18-07-2022,156,844,92,94,92,90,17.16,,,93.99,,7.3,,,
19-07-2022,976,-101,90,94,90,90,17.202499,,,93.89,,7.348,,,
20-07-2022,1781,-230,72,82,86,86,16.8225,,,93.95,,7.31,,,
21-07-2022,1799,-312,44,54,66,70,16.8575,,,94.12,,7.267,,,
22-07-2022,-675,739,64,74,80,82,16.65,,,94.27,,7.289,,,
25-07-2022,-845,-72,88,90,92,90,17.68,,,94.43,,7.182,,,
26-07-2022,-1548,999,96,96,98,98,18.17,,,94.62,,7.242,,,
27-07-2022,-437,712,92,98,98,98,18.129999,,,94.66,,7.264,,,
28-07-2022,1638,600,88,94,92,94,17.012501,,,94.74,,7.27,,,
29-07-2022,1046,-1,88,92,94,94,16.549999,,,95.26,,7.281,,,
01-08-2022,2321,-822,80,92,92,92,17.485001,,,95.55,,7.286,,,
02-08-2022,825,118,68,90,92,90,18.530001,,,95.25,,7.292,,,
03-08-2022,765,-518,86,88,86,90,18.450001,,,95.81,,7.217,,,
04-08-2022,1475,-47,74,86,90,90,19.2575,,,94.87,,7.253,,,
05-08-2022,1606,-496,76,86,94,94,18.915001,,,94.56,,7.188,,,
08-08-2022,1450,-141,68,82,88,90,19.3025,,,94.81,,7.215,,,
10-08-2022,1062,-768,84,94,94,94,19.5875,,,95.09,,7.232,,,
11-08-2022,2298,-730,90,94,96,96,18.355,,,94.95,,7.218,,,
12-08-2022,3040,-839,80,88,92,94,17.6075,,,,,7.179,,,
16-08-2022,1377,-136,28,70,78,86,17.684999,,,95.65,,7.185,,,
17-08-2022,2347,-510,12,24,48,66,17.6775,,,95.26,,7.135,,,
18-08-2022,-1706,471,38,50,62,72,17.35,,,95.12,,7.167,,,
19-08-2022,1111,-1633,48,54,60,74,18.285,,,95.08,,7.181,,,
22-08-2022,-454,-85,34,46,54,68,19.0375,,,95.01,,7.108,,,
23-08-2022,563,-215,46,50,62,74,19.049999,,,94.98,,7.155,,,
24-08-2022,23,-322,32,38,42,62,18.43,,,94.94,,7.238,,,
25-08-2022,369,-334,86,88,86,86,19.57,,,95.43,,7.266,,,
26-08-2022,-51,454,62,62,68,78,18.215,,,95.2,,7.277,,,
29-08-2022,-561,144,46,54,56,60,19.8225,,,95.62,,7.294,,,
30-08-2022,4166,-657,66,58,62,62,18.700001,,,95.45,,7.233,,,
01-09-2022,-2290,951,58,60,64,70,19.872499,,,95.34,,7.312,,,
02-09-2022,-9,-669,54,54,64,66,19.549999,,,95.43,,7.393,,,
05-09-2022,-812,534,74,66,64,68,19.6625,,,95.69,,7.359,,,
06-09-2022,1145,633,66,72,76,80,19.525,,,95.65,,7.292,,,
07-09-2022,758,-139,80,82,86,86,19.3675,,,95.98,,7.333,,,
08-09-2022,2913,-213,90,92,94,92,18.305,,,95.77,,7.34,,,
09-09-2022,2132,-1168,56,66,72,72,17.717501,,,95.68,,7.398,,,
12-09-2022,2050,-891,40,48,50,54,17.9375,,,96.16,,7.468,,,
13-09-2022,1957,-1268,14,28,38,42,17.469999,,,95.85,,7.362,,,
14-09-2022,-1398,188,32,36,44,44,18.2775,,,95.31,,7.454,,,
15-09-2022,-1271,-929,64,56,58,62,18.3925,,,95.13,,7.46,,,
16-09-2022,-3260,-37,40,44,48,52,19.8225,,,95.06,,7.476,,,
19-09-2022,312,-95,30,38,44,46,19.940001,,,94.95,,7.426,,,
20-09-2022,1196,132,18,24,28,32,18.797501,,,100.18,,7.435,,,
21-09-2022,-461,539,12,12,16,18,19.325001,,,99.63,,7.422,,,
22-09-2022,-2510,263,26,16,22,20,18.815001,,,99.07,,7.47,,,
23-09-2022,-2900,299,26,22,22,22,20.592501,,,99.3,,7.407,,,
26-09-2022,-5101,3532,28,20,22,24,21.8925,,,99.77,,7.426,,,
27-09-2022,-2824,3505,60,34,28,28,21.567499,,,99.48,,7.451,,,
28-09-2022,-2772,2544,28,16,16,18,22.094999,,,99.43,,7.476,,,
29-09-2022,-3599,3162,86,64,44,44,21.3025,,,99.03,,7.511,,,
30-09-2022,-1565,3245,80,72,48,50,19.967501,,,98.55,,7.442,,,
03-10-2022,591,-423,72,60,54,54,21.365,,,99.28,,7.412,,,
04-10-2022,1345,946,48,52,46,46,19.57,,,98.65,,7.416,,,
06-10-2022,279,-44,2,12,18,18,19.315001,,,98.61,,7.445,,,
07-10-2022,-2251,545,36,34,34,28,18.8125,,,98.5,,7.396,,,
10-10-2022,-2139,2137,26,24,22,22,19.622499,,,98.84,,7.404,,,
11-10-2022,-4613,2431,48,40,34,34,20.49,,,98.78,,7.482,,,
12-10-2022,-542,85,60,56,50,42,20.174999,,,98.87,,7.469,,,
13-10-2022,-1636,753,86,80,62,58,20.290001,,,98.54,,7.434,,,
14-10-2022,-1011,1624,62,60,56,54,18.2575,,,98.97,,7.387,,,
17-10-2022,-372,1582,82,82,72,66,18.4175,,,98.84,,7.346,,,
18-10-2022,-153,2085,66,66,64,62,17.452499,,,98.67,,7.307,,,
19-10-2022,-454,908,88,86,74,70,17.487499,,,98.5,,7.287,,,
20-10-2022,1865,-887,68,74,72,66,17.2325,,,98.26,,7.263,,,
21-10-2022,439,-119,74,80,78,80,17.280001,,,,,7.274,,,
24-10-2022,-154,80,72,78,78,76,17.4225,,,98.73,,7.281,,,
25-10-2022,-247,873,94,90,88,82,16.879999,,,98.94,,7.307,,,
27-10-2022,2818,-1580,94,94,94,90,16.5975,,,98.91,,7.32,,,
28-10-2022,1569,-613,72,80,84,84,15.9225,,,98.71,,7.285,,,
31-10-2022,4179,-1107,74,84,84,84,15.8025,,,99.05,,7.291,,,
01-11-2022,2610,-730,62,78,84,88,16.129999,,,98.99,,7.255,,,
02-11-2022,1436,-1378,70,80,86,84,16.6625,,,98.46,,7.301,,,
03-11-2022,678,-732,50,72,80,78,15.9425,,,98.55,,7.274,,,
04-11-2022,1436,-549,32,48,56,62,15.655,,,98.79,,7.279,,,
07-11-2022,1949,-844,56,64,70,70,15.585,,,99.11,,7.28,,,
09-11-2022,387,-1060,50,56,66,66,15.915,,,99.39,,7.21,,,
10-11-2022,36,-967,64,64,72,74,15.5675,,,99.66,,7.221,,,
11-11-2022,3958,616,50,60,64,72,14.405,,,99.8,,7.226,,,
14-11-2022,1089,47,38,46,58,60,14.91,,,99.965,,7.249,,,
15-11-2022,-221,-549,34,44,52,56,14.635,,,99.89,,7.269,,,
16-11-2022,-386,1437,24,34,36,42,15.1,,,99.84,,7.288,,,
17-11-2022,618,449,40,50,58,60,14.8775,,,99.66,,7.299,,,
18-11-2022,-751,890,44,44,54,52,14.39,,,99.57,,7.294,,,
21-11-2022,-1594,1263,74,64,68,70,14.7975,,,99.81,,7.265,,,
22-11-2022,-698,636,84,76,76,72,13.8425,,,99.77,,7.221,,,
23-11-2022,-790,414,72,66,68,72,14.0425,,,100.02,,7.268,,,
24-11-2022,1232,-236,80,80,76,80,13.4775,,,99.7,,7.277,,,
25-11-2022,369,-296,84,84,88,86,13.3325,,,99.89,,7.297,,,
28-11-2022,936,88,82,82,86,86,13.565,,,99.85,,7.299,,,
29-11-2022,1242,-744,62,68,76,74,13.615,,,99.85,,7.287,,,
30-11-2022,9010,-4056,66,76,76,78,13.8075,,,100.33,,7.316,,,
01-12-2022,-1566,2665,46,62,72,72,13.36,,,100.25,,7.318,,,
02-12-2022,215,712,20,42,54,62,13.45,,,100.22,,7.319,,,
05-12-2022,-1139,2608,42,44,52,60,13.7325,,,100.06,,7.308,,,
06-12-2022,-635,-559,36,38,46,48,14.0425,,,99.92,,7.314,,,
07-12-2022,-1242,389,42,44,50,52,14.0775,,,99.79,,7.311,,,
08-12-2022,-1132,772,62,56,56,58,13.3975,,,99.72,,7.327,,,
09-12-2022,-158,502,64,66,64,60,13.4775,,,99.75,,,,,
12-12-2022,-139,696,30,34,44,46,13.3175,,,99.95,,,,,
13-12-2022,620,37,10,18,20,28,12.8825,,,100.25,,,,,
14-12-2022,372,926,50,48,48,48,12.885,,,99.93,,,,,
15-12-2022,-711,261,28,30,38,40,13.7325,,,99.87,,,,,
16-12-2022,-1975,1543,18,10,20,28,14.07,,,99.73,,,,,
19-12-2022,-538,687,14,10,12,18,13.5525,,,99.72,,,,,
20-12-2022,456,495,6,8,8,8,13.78,,,99.8,,,,,
21-12-2022,-1119,1757,20,8,8,12,15.5625,,,99.6,,,,,
22-12-2022,929,2207,48,22,24,24,15.1875,,,99.59,,,,,
23-12-2022,-707,3399,52,28,20,26,16.16,,,99.58,,,,,
26-12-2022,-498,1286,64,50,32,26,15.9325,,,99.66,,,,,
27-12-2022,-868,622,46,32,28,26,15.29,,,99.62,,,,,
28-12-2022,-873,373,60,40,32,24,15.395,,,99.64,,,,,
29-12-2022,-573,516,64,54,40,32,14.8125,,,99.53,,,,,
30-12-2022,-2951,2266,28,28,24,24,14.8675,,,99.44,,7.34,,,
02-01-2023,-213,743,50,42,38,30,14.685,,,99.57,,7.321,,,
03-01-2023,-628,351,34,30,32,30,14.385,,,99.57,,7.321,,,
04-01-2023,-2621,774,76,64,60,56,15.1975,,,99.53,,7.327,,,
05-01-2023,-1449,-194,46,42,36,36,14.9825,,,99.22,,7.373,,,
06-01-2023,-2902,1083,28,32,32,34,15.025,,,99.43,,7.342,,,
09-01-2023,-203,1724,38,36,34,34,14.6525,,,99.63,,7.313,,,
10-01-2023,-2109,1807,60,50,50,46,15.51,,,99.78,,7.291,,,
11-01-2023,-3208,2431,44,44,44,44,15.435,,,99.81,,7.286,,,
12-01-2023,-1663,2128,68,60,56,54,15.275,,,99.72,,7.299,,,
13-01-2023,-2422,1953,70,64,58,58,14.46,,,99.53,,7.327,,,
16-01-2023,-751,686,56,54,52,52,15.0225,,,99.49,,7.333,,,
17-01-2023,211,91,34,40,46,44,14.59,,,99.55,,7.325,,,
18-01-2023,-319,1226,60,54,52,52,14.3725,,,99.63,,7.313,,,
19-01-2023,400,-129,48,46,46,48,13.96,,,99.4,,7.347,,,
20-01-2023,-2002,1510,32,46,48,50,13.7875,,,99.37,,7.352,,,
23-01-2023,-220,435,28,30,34,36,13.6175,,,99.41,,7.346,,,
24-01-2023,-761,1145,42,36,34,34,13.6575,,,99.4,,7.347,,,
25-01-2023,-2394,1378,28,30,34,40,14.655,,,99.13,,7.387,,,
27-01-2023,-5978,4252,44,38,34,36,17.32,,,99.043,,7.4,,,
30-01-2023,-6793,5513,36,34,36,32,17.709999,,,99.43,,7.343,,,
31-01-2023,-5440,4506,64,52,48,50,16.875,,,99.88,,7.277,,,
01-02-2023,1785,529,62,52,44,42,16.780001,,,99.75,,7.296,,,
02-02-2023,-3065,2371,52,44,48,42,15.7325,,,99.88,,7.277,,,
03-02-2023,-932,1265,72,56,50,44,14.3975,,,99.59,,7.32,,,
06-02-2023,-1218,1203,62,54,54,52,14.6875,,,99.66,,7.309,,,
07-02-2023,-2560,640,58,58,52,48,14.125,,,99.43,,7.344,,,
08-02-2023,-737,941,44,50,48,48,13.595,,,99.43,,7.344,,,
09-02-2023,-145,-205,48,52,52,48,13.04,,,99.3,,7.363,,,
10-02-2023,1459,-291,70,74,66,60,12.745,,,99.28,,7.366,,,
13-02-2023,1322,522,70,74,74,64,13.68,,,99.249,,7.371,,,
14-02-2023,1305,205,42,52,56,58,13.4525,,,99.406,,7.347,,,
15-02-2023,432,517,48,50,50,50,12.86,,,99.442,,7.342,,,
16-02-2023,1570,1577,34,38,36,46,12.89,,,99.134,,7.388,,,
17-02-2023,-624.61,-85.29,10,12,20,22,13.085,,,99.26,,7.37,,,
20-02-2023,-159,86,14,14,16,20,13.3825,,,99.114,,7.391,,,
21-02-2023,526,-235,18,20,22,22,14.0075,,,98.865,,7.429,,,
22-02-2023,-580,372,18,16,16,20,15.5875,,,99.12,,7.391,,,
23-02-2023,-1417,1586,14,16,18,22,15.075,,,98.927,,7.419,,,
24-02-2023,-1470,1401,40,32,28,28,14.185,,,98.739,,7.448,,,
27-02-2023,-2023,2232,34,28,22,20,13.875,,,98.678,,7.457,,,
28-02-2023,-4559,4610,66,42,32,32,14.02,,,98.829,,7.434,,,
01-03-2023,-425,1499,76,50,44,42,12.995,,,98.857,,7.43,,,
02-03-2023,12771,2129,76,68,54,52,12.97,,,98.945,,7.416,,,
03-03-2023,246,2090,46,42,40,38,12.18,,,98.935,,7.418,,,
06-03-2023,721,757,28,32,30,32,12.2675,,,98.658,,7.459,,,
08-03-2023,3672,-938,6,14,16,16,12.45,,,98.782,,7.441,,,
09-03-2023,-562,42,8,10,14,16,12.725,,,98.859,,7.429,,,
10-03-2023,-2061,1350,24,20,20,20,13.4125,,,99.288,,7.365,,,
13-03-2023,-1547,1419,34,26,24,24,16.215,,,99.201,,7.378,,,
14-03-2023,-3087,2122,60,40,40,34,16.217501,,,99.302,,7.363,,,
15-03-2023,-1271,1824,40,32,30,30,16.295,,,99.377,,7.352,,,
16-03-2023,-282,2051,38,36,36,26,16.217501,,,99.359,,7.354,,,
17-03-2023,-1767,1817,50,40,38,38,14.7675,,,99.492,,7.334,,,
20-03-2023,-2546,2877,52,42,34,38,16.0075,,,99.363,,7.354,,,
21-03-2023,-1455,1946,26,28,26,28,15.0825,,,,,7.345,,,
22-03-2023,62,384,34,34,32,28,14.8075,,,99.418,,7.318,,,
23-03-2023,-995,1669,32,32,26,24,14.49,,,99.604,,7.312,,,
24-03-2023,-1720,2556,64,46,40,34,15.24,,,99.642,,7.321,,,
27-03-2023,-891,1809,92,80,68,62,15.445,,,99.579,,7.296,,,
28-03-2023,1531,-156,86,86,78,70,15.1,,,99.748,,7.315,,,
29-03-2023,1245,823,90,88,88,76,13.6275,,,99.622,,7.315,,,
31-03-2023,358,2480,86,92,86,76,12.935,,,99.618,,7.273,,,
03-04-2023,322,-328,84,90,90,86,12.585,,,99.898,,7.219,,,
05-04-2023,807,-947,86,90,88,86,12.4125,,,100.261,,7.227,,,
06-04-2023,476,-997,84,90,94,94,11.7975,,,100.21,,7.224,,,
10-04-2023,883,352,70,84,84,84,12.2725,,,100.227,,7.213,,,
11-04-2023,343,-264,74,76,78,78,11.975,,,100.302,,7.229,,,
12-04-2023,1908,-225,62,78,78,78,12.2725,,,100.193,,7.247,,,
13-04-2023,222,-274,52,72,80,82,11.9075,,,100.074,,7.221,,,
17-04-2023,-533,270,52,68,78,78,12.265,,,100.245,,7.227,,,
18-04-2023,-811,402,48,62,66,68,12.075,,,100.208,,7.22,,,
19-04-2023,-13,-110,62,62,72,72,12.1525,,,100.251,,7.185,,,
20-04-2023,-1169,833,74,76,78,76,11.94,,,100.492,,7.111,,,
21-04-2023,-2117,1633,70,82,82,80,11.63,,,101.023,,7.11,,,
24-04-2023,-412,1177,88,82,82,86,11.6675,,,101.025,,7.116,,,
25-04-2023,-407,564,92,90,92,90,11.52,,,100.983,,7.097,,,
26-04-2023,1257,-228,90,92,92,92,11.6525,,,101.121,,7.116,,,
27-04-2023,1653,97,82,90,86,88,11.425,,,100.986,,7.106,,,
28-04-2023,3304,264,90,92,90,96,10.9475,,,101.057,,7.011,,,
02-05-2023,1997,-394,72,80,84,86,11.8975,,,101.721,,7.014,,,
03-05-2023,1338,-584,84,90,92,92,11.84,,,101.702,,7.047,,,
04-05-2023,1415,442,86,92,92,92,11.7325,,,,,7.046,,,
05-05-2023,778,-2199,78,86,88,92,12.295,,,101.467,,7.036,,,
08-05-2023,2124,245,74,80,84,84,12.635,,,101.477,,7.023,,,
09-05-2023,1942,405,64,76,82,84,12.6775,,,101.541,,6.995,,,
10-05-2023,1833,-790,64,76,78,80,13.0825,,,101.635,,7.001,,,
11-05-2023,837,-200,44,64,78,80,13.215,,,101.83,,6.963,,,
12-05-2023,1014,-922,32,50,62,72,12.8525,,,101.79,,6.972,,,
15-05-2023,1685,191,22,36,52,64,13.1725,,,102.059,,6.983,,,
16-05-2023,1407,-886,40,50,60,66,13.2925,,,101.991,,7.004,,,
17-05-2023,149,-204,58,66,70,74,13.105,,,101.913,,6.985,,,
18-05-2023,970,-849,66,64,68,72,12.795,,,101.767,,7.016,,,
19-05-2023,-113,1071,62,66,70,74,12.3025,,,101.898,,6.99,,,
22-05-2023,923,605,68,66,70,78,12.57,,,101.682,,7.007,,,
23-05-2023,183,397,90,86,82,78,12.605,,,101.86,,7.003,,,
24-05-2023,1186,301,94,94,86,86,13.1125,,,101.746,,7.024,,,
25-05-2023,589,338,84,88,88,84,12.52,,,101.772,,7.011,,,
26-05-2023,350,1841,70,72,78,80,11.9,,,101.62,,6.989,,,
29-05-2023,1758,854,62,70,72,72,12.2975,,,101.714,,6.979,,,
30-05-2023,2086,-439,76,80,78,80,12.01,,,101.869,,6.984,,,
31-05-2023,3406,-2529,70,84,86,86,11.9725,,,101.936,,6.997,,,
01-06-2023,-71,489,70,74,80,84,11.5975,,,101.906,,6.977,,,
02-06-2023,-659,582,78,82,88,92,11.125,,,101.812,,6.982,,,
05-06-2023,-701,1196,60,70,78,78,11.1375,,,101.95,,7.021,,,
06-06-2023,386,-489,38,54,62,68,11.38,,,101.92,,7.039,,,
07-06-2023,1383,392,56,68,72,78,11.4425,,,101.643,,7.018,,,
08-06-2023,212,-405,70,78,80,80,11.2575,,,101.513,,7.002,,,
09-06-2023,-309,1246,70,74,80,82,11.12,,,101.66,,7.011,,,
12-06-2023,-627,1794,66,70,74,78,11.245,,,101.775,,7.041,,,
13-06-2023,1678,-203,76,78,76,76,11.11,,,101.711,,7.034,,,
14-06-2023,1715,-655,60,70,76,76,11.1625,,,101.5,,7.053,,,
15-06-2023,3086,-298,68,72,76,80,11.08,,,101.549,,7.059,,,
16-06-2023,795,681,62,68,76,78,10.84,,,101.418,,7.067,,,
19-06-2023,-1031,-365,34,44,66,72,11.225,,,101.376,,7.086,,,
20-06-2023,-1943,1973,18,32,44,54,11.1325,,,101.323,,7.074,,,
21-06-2023,4013,550,42,50,58,64,11.2925,,,101.19,,7.066,,,
22-06-2023,-693,219,68,62,62,64,11.5475,,,101.271,,7.063,,,
23-06-2023,-345,-684,92,86,82,86,11.235,,,101.323,,7.056,,,
26-06-2023,-409,250,96,96,94,94,11.395,,,101.35,,7.11,,,
27-06-2023,2029,-1991,88,90,96,96,10.7775,,,101.398,,7.117,,,
28-06-2023,12350,-1021,80,88,96,96,10.8875,,,101.018,,7.119,,,
30-06-2023,6397,1198,82,88,92,96,10.8,,,100.975,,7.105,,,
03-07-2023,1996,-338,86,94,94,96,11.54,,,100.957,,7.147,,,
04-07-2023,2134,-785,52,72,82,86,11.7,,,101.056,,7.159,,,
05-07-2023,1603,-439,38,64,74,78,11.8825,,,100.764,,7.149,,,
06-07-2023,2641,-2352,64,76,82,86,11.84,,,100.685,,7.095,,,
07-07-2023,790,-2964,54,70,78,80,11.5325,,,100.751,,7.118,,,
10-07-2023,588,288,48,60,68,70,11.4625,,,101.121,,7.071,,,
11-07-2023,1197,-7,64,66,72,74,11.0125,,,100.966,,7.089,,,
12-07-2023,-1242,437,70,82,84,90,10.935,,,101.289,,7.074,,,
13-07-2023,2238,-1197,60,64,72,82,10.9375,,,101.164,,7.058,,,
14-07-2023,2636,-772,62,70,82,84,10.6825,,,101.267,,7.072,,,
17-07-2023,73,64,82,82,84,86,11.315,,,101.381,,7.083,,,
18-07-2023,2116,-1318,54,58,68,74,11.71,,,101.255,,7.087,,,
19-07-2023,1165,-2135,58,56,66,76,11.6,,,101.207,,7.071,,,
20-07-2023,3371,-193,56,66,64,68,11.785,,,101.178,,7.1,,,
21-07-2023,-1999,1291,60,62,72,72,11.485,,,101.292,,7.096,,,
24-07-2023,-83,935,38,48,52,58,11.6525,,,101.088,,7.12,,,
25-07-2023,1089,-334,50,52,54,52,10.2425,,,101.117,,7.161,,,
26-07-2023,923,470,60,54,56,56,10.4575,,,100.955,,7.172,,,
27-07-2023,-3979,2528,54,52,56,64,10.5125,,,100.669,,7.156,,,
28-07-2023,-1024,1634,26,34,40,44,10.135,,,100.597,,7.154,,,
31-07-2023,-701,2488,22,28,30,34,10.4125,,,100.704,,7.194,,,
01-08-2023,-93,1036,42,44,48,46,10.2825,,,100.721,,7.193,,,
02-08-2023,-1878,-2,50,50,52,50,11.2775,,,100.451,,7.197,,,
03-08-2023,-317,1729,50,44,46,54,11.185,,,100.454,,7.168,,,
04-08-2023,-556,367,66,60,58,60,10.5725,,,100.426,,7.178,,,
07-08-2023,-1893,1081,54,48,52,54,11.1025,,,100.625,,7.154,,,
08-08-2023,-711,537,30,46,48,50,11.325,,,100.554,,7.198,,,
09-08-2023,644,-598,26,36,40,44,11.14,,,100.719,,7.209,,,
10-08-2023,331,704,44,38,42,44,11.4,,,100.417,,7.25,,,
11-08-2023,-3073,500,32,30,32,36,11.5225,,,100.344,,7.214,,,
14-08-2023,-2324,1461,28,30,34,36,11.995,,,,,7.22,,,
16-08-2023,723,2406,58,52,50,52,12.125,,,100.065,,7.218,,,
17-08-2023,-1511,-314,58,56,56,52,12.24,,,100.304,,7.194,,,
18-08-2023,-267,339,56,54,52,54,12.1425,,,100.263,,7.193,,,
21-08-2023,-1901,626,50,44,46,52,11.96,,,100.276,,7.206,,,
22-08-2023,-495,533,26,30,30,34,11.7475,,,100.438,,7.178,,,
23-08-2023,615,125,42,40,38,38,11.7275,,,100.446,,7.18,,,
24-08-2023,1524,5796,68,60,56,54,11.7,,,100.362,,7.185,,,
25-08-2023,-4638,1415,58,56,54,54,12.0825,,,100.546,,7.166,,,
28-08-2023,-1393,1264,30,34,34,32,12.3975,,,100.535,,7.175,,,
29-08-2023,65,305,68,66,64,60,12.225,,,100.501,,7.204,,,
30-08-2023,-494,1324,70,68,62,62,11.8,,,100.628,,7.206,,,
31-08-2023,-2973,4383,82,80,70,68,12.0625,,,100.564,,7.21,,,
01-09-2023,488,2295,86,80,76,76,11.365,,,100.369,,7.173,,,
04-09-2023,-3368,2563,90,90,90,86,10.9625,,,100.353,,7.199,,,
05-09-2023,,,80,86,84,86,10.815,,,100.329,,7.209,,,
06-09-2023,,,100,98,98,98,10.6775,,,100.582,,7.203,,,
07-09-2023,,,66,82,90,90,10.8725,,,100.402,,7.172,,,
08-09-2023,,,80,86,92,90,10.78,,,99.789,,7.101,,,
11-09-2023,,,86,88,92,92,11.3475,,,99.833,,7.158,,,
12-09-2023,,,78,88,88,90,11.69,,,100.045,,7.149,,,
13-09-2023,,,72,86,88,92,11.8275,,,100.55,,7.153,,,
14-09-2023,,,42,58,72,76,11.3175,,,100.142,,7.136,,,
15-09-2023,164,1939,26,46,60,68,10.9025,,,100.206,,7.15,,,
18-09-2023,-1237,553,28,46,58,62,10.835,,,100.181,,7.15,,,
20-09-2023,-3111,-573,30,44,50,56,11.1275,,,100.299,,7.146,,,
21-09-2023,-3007,1158,36,50,54,56,10.8175,,,100.196,,7.171,,,
22-09-2023,-1327,801,52,54,60,68,10.66,,,100.195,,7.238,,,
25-09-2023,-2333,1579,12,20,24,32,10.9,,,100.224,,7.21,,,
26-09-2023,-693,715,56,44,46,46,11.185,,,100.05,,7.235,,,
27-09-2023,-354,386,28,32,34,36,11.585,,,99.586,,7.238,,,
28-09-2023,-3364,2711,14,16,14,18,12.8225,,,99.781,,7.214,,,
29-09-2023,-1686,2751,32,26,24,30,11.4525,,,99.603,,7.339,,,
03-10-2023,-2034,1361,60,44,42,46,11.7875,,,99.583,,7.386,,,
04-10-2023,-4424,1769,32,32,30,32,11.655,,,99.749,,7.351,,,
05-10-2023,-1864,521,74,56,56,50,10.94,,,98.888,,7.307,,,
06-10-2023,-90,783,86,78,72,64,10.3,,,98.563,,7.302,,,
09-10-2023,-998,2661,78,76,72,68,11.4,,,98.8,,7.32,,,
10-10-2023,-1005,1963,68,68,66,64,11.27,,,99.106,,7.333,,,
11-10-2023,-422,1032,60,68,64,60,10.985,,,99.14,,7.328,,,
12-10-2023,-1863,1532,76,76,74,72,10.6175,,,99.018,,7.353,,,
13-10-2023,317,-103,46,58,62,62,10.6175,,,98.927,,7.369,,,
16-10-2023,-594,1184,46,56,60,62,11.07,,,98.959,,7.365,,,
17-10-2023,264,113,32,48,48,52,10.695,,,98.789,,7.382,,,
18-10-2023,-1832,1470,4,10,16,24,10.965,,,98.683,,7.343,,,
19-10-2023,-1093,736,6,8,12,16,10.8975,,,98.711,,7.366,,,
20-10-2023,456,9,0,0,6,8,10.8175,,,98.593,,7.351,,,
23-10-2023,252,1112,26,16,18,24,10.905,,,98.862,,7.369,,,
25-10-2023,-4237,3569,36,28,24,26,11.3125,,,98.703,,7.351,,,
26-10-2023,-7703,6558,42,30,26,24,11.73,,,98.803,,7.358,,,
27-10-2023,-1500,314,24,24,18,22,10.905,,,98.681,,7.322,,,
30-10-2023,-1762,1328,64,42,40,36,11.49,,,98.808,,7.317,,,
31-10-2023,-696,340,78,66,52,52,11.825,,,98.756,,7.305,,,
01-11-2023,-1817,1622,96,80,74,64,12.0475,,,99.004,,7.28,,,
02-11-2023,-1261,1380,88,80,74,66,11.075,,,99.043,,7.266,,,
03-11-2023,-12,403,88,84,74,72,10.8825,,,99.12,,7.269,,,
06-11-2023,-549,596,74,76,72,68,11.105,,,99.296,,7.3,,,
07-11-2023,-497,700,72,82,74,66,11.1925,,,99.39,,7.283,,,
08-11-2023,-85,524,70,70,72,68,11.0375,,,99.372,,7.225,,,
09-11-2023,-1712,1512,94,94,92,90,10.9825,,,99.158,,7.232,,,
10-11-2023,-262,823,90,94,96,94,11.1075,,,99.274,,7.212,,,
13-11-2023,-1244,830,88,90,90,88,11.1875,,,99.673,,7.252,,,
15-11-2023,550,610,76,82,86,86,11.135,,,99.628,,7.269,,,
16-11-2023,957,706,80,86,86,84,11.6475,,,99.761,,7.247,,,
17-11-2023,-478,-565,76,82,84,84,11.8275,,,99.489,,7.253,,,
20-11-2023,-646,78,66,78,82,82,12.1475,,,99.371,,7.272,,,
21-11-2023,-456,722,52,72,78,78,12.2325,,,99.521,,7.273,,,
22-11-2023,-307,721,68,80,86,84,11.865,,,99.48,,7.252,,,
23-11-2023,256,457,90,90,92,90,11.315,,,99.351,,7.279,,,
24-11-2023,2625,134,86,86,90,90,11.33,,,99.342,,7.29,,,
28-11-2023,784,1325,94,94,94,94,12.175,,,99.491,,7.271,,,
29-11-2023,72,2361,98,100,100,100,12.7075,,,99.302,,7.262,,,
30-11-2023,8148,-780,88,96,100,100,12.69,,,99.228,,7.248,,,
01-12-2023,1590,1448,88,98,98,98,12.3825,,,99.363,,7.236,,,
04-12-2023,2073,4797,82,94,98,98,12.9925,,,99.421,,7.266,,,
05-12-2023,5224,-1399,72,88,96,94,13.4575,,,99.52,,7.281,,,
06-12-2023,-80,1372,68,84,88,88,13.74,,,99.603,,7.275,,,
07-12-2023,-1564,-10,52,70,84,88,12.6725,,,99.394,,7.259,,,
08-12-2023,3632,-434,64,76,84,84,12.47,,,99.291,,7.194,,,
11-12-2023,1261,-1033,80,88,90,92,12.7575,,,99.332,,7.163,,,
12-12-2023,77,1923,84,82,86,92,12.7125,,,99.442,,7.153,,,
13-12-2023,4711,-958,72,80,88,90,12.065,,,99.886,,7.171,,,
14-12-2023,3570,553,80,92,92,92,12.32,,,100.101,,7.171,,,
15-12-2023,9239,-3077,24,48,68,74,13.1275,,,100.176,,7.184,,,
18-12-2023,-34,414,40,52,68,78,13.9,,,100.049,,7.188,,,
19-12-2023,-602,294,76,76,78,80,13.8675,,,100.049,,7.183,,,
20-12-2023,-1322,4754,78,82,84,90,14.45,,,99.959,,7.205,,,
21-12-2023,-1636,1465,86,86,88,88,13.7575,,,99.935,,7.207,,,
22-12-2023,-2829,2167,92,92,94,94,13.7075,,,99.968,,7.176,,,
26-12-2023,-95,167,80,88,92,94,14.6775,,,99.82,,7.196,,,
27-12-2023,2926,-192,82,88,88,92,15.5575,,,99.801,,,,,
28-12-2023,4359,137,56,72,84,88,15.14,,,100.019,,,,,
29-12-2023,1459,554,40,54,62,72,14.5025,,,99.882,,,,,
01-01-2024,-856,410,54,56,64,74,14.68,,,99.808,,7.206,,,
02-01-2024,1602,-1959,56,58,70,78,14.58,,,99.742,,7.216,,,
03-01-2024,-619,-863,36,44,52,62,14.0975,,,99.714,,7.22,,,
04-01-2024,1513,-1387,44,48,52,58,13.33,,,99.614,,7.235,,,
05-01-2024,1697,-3498,44,44,48,60,12.63,,,99.829,,7.203,,,
08-01-2024,16,156,50,52,50,58,13.4625,,,99.926,,7.189,,,
09-01-2024,-991,104,58,62,68,72,13.2625,,,100.003,,7.178,,,
10-01-2024,-1721,2080,80,72,72,74,12.97,,,100.095,,7.165,,,
11-01-2024,-865,1607,66,66,72,74,12.7675,,,100.005,,7.178,,,
12-01-2024,-340,2911,28,34,46,52,13.1,,,100.214,,7.148,,,
15-01-2024,1086,-821,32,32,38,40,13.785,,,100.223,,7.146,,,
16-01-2024,657,-369,62,56,58,60,13.5725,,,100.11,,7.163,,,
17-01-2024,-10578,4006,18,24,38,42,15.08,,,100.007,,7.178,,,
18-01-2024,-9902,5977,60,52,52,52,14.07,,,99.968,,7.184,,,
19-01-2024,-3689,2638,52,52,52,56,13.8775,,,100.032,,7.174,,,
20-01-2024,,,68,66,62,64,13.8025,,,,,,,,
23-01-2024,-3115,214,48,48,50,56,14.8525,,,99.987,,7.181,,,
24-01-2024,-6935,6013,78,68,64,66,14.375,,,100.054,,7.171,,,
25-01-2024,-2144,3475,72,64,64,64,13.865,,,100.057,,7.171,,,
29-01-2024,110,3221,76,74,72,72,15.68,,,100.167,,7.155,,,
30-01-2024,-1970,1002,58,58,58,58,16.102501,,,100.238,,7.144,,,
31-01-2024,1661,2543,64,64,66,64,16.047501,,,100.794,,7.064,,,
01-02-2024,-1879,872,66,68,68,68,14.455,,,100.889,,7.05,,,
02-02-2024,71,2463,44,56,54,56,14.6975,,,100.603,,7.091,,,
05-02-2024,519,-1189,46,48,52,54,15.6175,,,100.602,,7.092,,,
06-02-2024,93,1096,34,42,50,50,15.785,,,100.723,,7.074,,,
07-02-2024,-1691,328,46,56,56,54,15.505,,,100.67,,7.082,,,
08-02-2024,-4933,5512,68,58,54,56,15.8275,,,100.453,,7.114,,,
09-02-2024,142,-422,58,62,58,54,15.4475,,,100.563,,7.097,,,
12-02-2024,127,1712,76,80,70,66,16.0625,,,100.567,,7.097,,,
13-02-2024,376,274,82,74,70,68,15.8075,,,100.45,,7.114,,,
14-02-2024,-3930,2898,74,82,80,70,15.435,,,100.645,,7.085,,,
15-02-2024,-3064,2277,48,66,64,60,15.225,,,100.548,,7.099,,,
16-02-2024,253,1571,78,76,70,70,15.2225,,,100.807,,,,,
19-02-2024,-755,453,64,66,72,70,16.0175,,,100.917,,7.062,,,
20-02-2024,-1336,1491,40,50,58,58,16.0725,,,100.801,,7.045,,,
21-02-2024,285,-412,56,64,62,60,15.9275,,,100.7,,7.062,,,
22-02-2024,-1410,1826,22,26,38,54,15.1975,,,100.794,,7.077,,,
23-02-2024,1276,177,38,44,44,50,14.9725,,,100.794,,7.063,,,
26-02-2024,-285,-5,72,68,64,64,15.6,,,100.745,,7.07,,,
27-02-2024,-1509,2862,66,70,74,70,15.7275,,,100.78,,7.065,,,
28-02-2024,-1879,1827,56,58,56,58,16.33,,,100.691,,7.078,,,
29-02-2024,3568,-230,64,60,62,62,15.5725,,,100.814,,7.06,,,
01-03-2024,129,3815,68,68,70,76,15.235,,,100.809,,7.06,,,
02-03-2024,,,46,60,66,68,14.9925,,,100.81,,,,,
04-03-2024,-564,3543,34,42,50,60,14.9225,,,100.831,,7.057,,,
05-03-2024,574,1835,16,14,18,28,14.38,,,100.848,,7.054,,,
06-03-2024,2767,2150,42,38,46,46,14.295,,,101.009,,7.031,,,
07-03-2024,7304,2602,36,34,34,34,13.6125,,,101.12,,7.014,,,
11-03-2024,4213,3238,36,36,38,40,13.995,,,101.037,,7.026,,,
12-03-2024,73,2358,24,22,20,20,13.6375,,,100.951,,7.039,,,
13-03-2024,-4595,9094,26,24,24,18,14.4325,,,100.934,,7.041,,,
14-03-2024,-1356,139,62,50,40,40,13.6225,,,100.792,,7.062,,,
15-03-2024,849,-682,76,70,64,60,13.69,,,100.622,,7.087,,,
18-03-2024,-2051,2261,60,60,58,58,13.895,,,100.566,,7.095,,,
19-03-2024,1421,7449,54,56,50,52,14.1125,,,100.55,,7.097,,,
20-03-2024,-2599,2668,84,76,74,74,13.4725,,,100.871,,7.05,,,
21-03-2024,-1827,3209,84,86,80,76,12.5125,,,100.62,,7.087,,,
22-03-2024,-3310,3765,70,76,72,76,12.22,,,100.602,,7.089,,,
26-03-2024,10,5024,62,66,66,70,12.82,,,100.721,,7.072,,,
27-03-2024,2170,1198,56,62,64,68,12.7025,,,100.853,,7.052,,,
28-03-2024,188,2692,60,66,68,66,12.8325,,,100.853,,,,,
01-04-2024,-522,1208,68,72,74,74,12.0825,,,100.474,,7.108,,,
02-04-2024,-1623,1953,52,56,60,64,11.6525,,,100.498,,7.104,,,
03-04-2024,-2213,1102,66,74,76,76,11.3725,,,100.566,,7.094,,,
04-04-2024,-1136,-893,40,52,56,58,11.22,,,100.412,,7.117,,,
05-04-2024,1659,-3370,12,22,34,42,11.3375,,,100.165,,,,,
08-04-2024,-685,3471,14,22,26,30,11.61,,,100.165,,7.154,,,
09-04-2024,-593,2257,10,14,20,26,11.355,,,100.414,,7.116,,,
10-04-2024,2778,163,30,32,32,38,11.1075,,,99.992,,7.179,,,
12-04-2024,-8027,6341,,,,,11.5325,,,100.022,,7.175,,,
15-04-2024,-3268,4763,,,,,12.4675,,,99.899,,7.193,,,
16-04-2024,-4468,2040,,,,,12.615,,,99.989,,7.18,,,
18-04-2024,-4260,2286,,,,,13.04,,,99.682,,7.225,,,
19-04-2024,129,-53,,,,,13.4575,,,99.906,,7.192,,,
22-04-2024,,,,,,,12.7,,,100.072,,7.167,,,
23-04-2024,,,,,,,10.195,,,99.947,,7.186,,,
24-04-2024,,,,,,,10.275,,,99.824,,7.204,,,
,,,,,,,,,,99.858,,7.199,,,
